BEGIN;
INSERT INTO roles (id, name) VALUES ('5a83d0f2-877d-4899-b643-a2cfb544849d', 'Lernende'), ('5e3c14e1-7819-42eb-a2d4-c2b56af194d8', 'Dozent'), ('2c46e4eb-01a9-4554-b3f4-b495501a0bb8', 'Administrator');
INSERT INTO rooms (id, name) VALUES ('c85ae153-bb49-4983-84bc-7704958fa972', 'Room 1');
INSERT INTO rooms (id, name) VALUES ('a32119bc-74ae-463d-b219-b357039ccf9b', 'Room 2');
INSERT INTO rooms (id, name) VALUES ('b1198a89-b1b1-433f-a9ff-83cc393f5e3f', 'Room 3');
INSERT INTO rooms (id, name) VALUES ('c0e8e8bd-22a4-48fa-a6d8-b4cf106a6563', 'Room 4');
INSERT INTO classes (id, designation, short_name, class_type) VALUES ('76dd92bd-c811-4011-a81e-45cc1ca9744b', 'IFZK-2524', 'IFZK-2524', 'Semester');
INSERT INTO classes (id, designation, short_name, class_type) VALUES ('50157254-719e-4593-b514-314aa4c5b041', 'IFZK-P', 'IFZK-P', 'Semester');
INSERT INTO classes (id, designation, short_name, class_type) VALUES ('abbdc0e2-8a03-4681-a346-40556dd210dc', 'IFZK-2625', 'IFZK-2625', 'Semester');
INSERT INTO subjects (id, code, name) VALUES ('f1630fa3-d64c-4042-a528-82cf62e67af0', 'M245', 'M245');
INSERT INTO subjects (id, code, name) VALUES ('98f182cb-9cb7-41c8-83d5-74374875eeae', 'M306', 'M306');
INSERT INTO subjects (id, code, name) VALUES ('ff3c340f-985c-4112-aae1-26ed4590c84d', 'M346', 'M346');
INSERT INTO subjects (id, code, name) VALUES ('24a2bd2e-165f-41ba-85c2-5693be12688d', 'M122', 'M122');
INSERT INTO subjects (id, code, name) VALUES ('a0e9acdd-3894-404f-a25e-dcd8dfc3d9f0', 'M431', 'M431');
INSERT INTO subjects (id, code, name) VALUES ('90e091ae-0021-4b01-a98e-ae8f15073ea1', 'MAT', 'MAT');
INSERT INTO subjects (id, code, name) VALUES ('024c7616-61e2-4b1e-a84f-f2cab4265ea5', 'ENG', 'ENG');
INSERT INTO users (id, role_id, email, first_name, last_name) VALUES ('4e8e0638-12de-42e8-b0cc-1d6e8b10a3a7', '5e3c14e1-7819-42eb-a2d4-c2b56af194d8', 't4e8e@wiss.ch', 'Teacher', 'T');
INSERT INTO users (id, role_id, email, first_name, last_name) VALUES ('229259af-491b-4fbe-ac57-15a7ab035a66', '5e3c14e1-7819-42eb-a2d4-c2b56af194d8', 't2292@wiss.ch', 'Teacher', 'T');
INSERT INTO users (id, role_id, email, first_name, last_name) VALUES ('27cf7881-4b5e-469f-8418-0cde076a4581', '5e3c14e1-7819-42eb-a2d4-c2b56af194d8', 't27cf@wiss.ch', 'Teacher', 'T');
INSERT INTO users (id, role_id, email, first_name, last_name) VALUES ('1542dda4-ece4-4348-a2ad-f04b644984eb', '5e3c14e1-7819-42eb-a2d4-c2b56af194d8', 't1542@wiss.ch', 'Teacher', 'T');
INSERT INTO users (id, role_id, email, first_name, last_name) VALUES ('5b3f16c4-9aa6-40c0-9400-95e9681a7a27', '5e3c14e1-7819-42eb-a2d4-c2b56af194d8', 't5b3f@wiss.ch', 'Teacher', 'T');
INSERT INTO users (id, role_id, email, first_name, last_name) VALUES ('a349690e-77ee-47eb-8ce6-923cc4e858cd', '5a83d0f2-877d-4899-b643-a2cfb544849d', 'sa349@wiss.ch', 'Student', 'S');
INSERT INTO users (id, role_id, email, first_name, last_name) VALUES ('be173051-fa05-4349-a61c-2600f221c72f', '5a83d0f2-877d-4899-b643-a2cfb544849d', 'sbe17@wiss.ch', 'Student', 'S');
INSERT INTO users (id, role_id, email, first_name, last_name) VALUES ('b10dd8f2-c524-4e72-8bb7-f5cac0a97c16', '5a83d0f2-877d-4899-b643-a2cfb544849d', 'sb10d@wiss.ch', 'Student', 'S');
INSERT INTO users (id, role_id, email, first_name, last_name) VALUES ('1ffa9063-c8cc-44eb-aff4-2b0e6b9e2e68', '5a83d0f2-877d-4899-b643-a2cfb544849d', 's1ffa@wiss.ch', 'Student', 'S');
INSERT INTO users (id, role_id, email, first_name, last_name) VALUES ('78be6cb0-bf17-476f-9bb0-fc31287146c3', '5a83d0f2-877d-4899-b643-a2cfb544849d', 's78be@wiss.ch', 'Student', 'S');
INSERT INTO users (id, role_id, email, first_name, last_name) VALUES ('b4bbe393-d64b-4a23-a5a9-ff6132fca992', '5a83d0f2-877d-4899-b643-a2cfb544849d', 'sb4bb@wiss.ch', 'Student', 'S');
INSERT INTO users (id, role_id, email, first_name, last_name) VALUES ('25389329-427a-49e9-b7ef-c9dc290b1e71', '5a83d0f2-877d-4899-b643-a2cfb544849d', 's2538@wiss.ch', 'Student', 'S');
INSERT INTO users (id, role_id, email, first_name, last_name) VALUES ('3844f16a-2750-4054-b310-5f96c60da84f', '5a83d0f2-877d-4899-b643-a2cfb544849d', 's3844@wiss.ch', 'Student', 'S');
INSERT INTO users (id, role_id, email, first_name, last_name) VALUES ('d1ccc585-6cf7-4e52-83f3-1683f631786b', '5a83d0f2-877d-4899-b643-a2cfb544849d', 'sd1cc@wiss.ch', 'Student', 'S');
INSERT INTO users (id, role_id, email, first_name, last_name) VALUES ('e399d43a-f2f0-4569-bc29-c1c450adfc02', '5a83d0f2-877d-4899-b643-a2cfb544849d', 'se399@wiss.ch', 'Student', 'S');
INSERT INTO users (id, role_id, email, first_name, last_name) VALUES ('8dcec305-b245-457d-91b4-8c66c3efcb12', '5a83d0f2-877d-4899-b643-a2cfb544849d', 's8dce@wiss.ch', 'Student', 'S');
INSERT INTO users (id, role_id, email, first_name, last_name) VALUES ('732ddb4f-c15f-42ed-a05e-b5136d78adcb', '5a83d0f2-877d-4899-b643-a2cfb544849d', 's732d@wiss.ch', 'Student', 'S');
INSERT INTO users (id, role_id, email, first_name, last_name) VALUES ('d237fdb5-11f4-4c16-bc5d-11d359bac105', '5a83d0f2-877d-4899-b643-a2cfb544849d', 'sd237@wiss.ch', 'Student', 'S');
INSERT INTO users (id, role_id, email, first_name, last_name) VALUES ('fb11fb2d-d254-49de-b450-97afe7af33e7', '5a83d0f2-877d-4899-b643-a2cfb544849d', 'sfb11@wiss.ch', 'Student', 'S');
INSERT INTO users (id, role_id, email, first_name, last_name) VALUES ('9e4547b0-5b88-430b-b60b-19d580efd059', '5a83d0f2-877d-4899-b643-a2cfb544849d', 's9e45@wiss.ch', 'Student', 'S');
INSERT INTO users (id, role_id, email, first_name, last_name) VALUES ('9e0bb25e-a6f4-4469-a732-caadc47c1b68', '5a83d0f2-877d-4899-b643-a2cfb544849d', 's9e0b@wiss.ch', 'Student', 'S');
INSERT INTO users (id, role_id, email, first_name, last_name) VALUES ('36e334ee-a466-4c65-9b34-de3da668faf2', '5a83d0f2-877d-4899-b643-a2cfb544849d', 's36e3@wiss.ch', 'Student', 'S');
INSERT INTO users (id, role_id, email, first_name, last_name) VALUES ('3a4d3cdb-3f0a-4638-8407-32c9a58b062d', '5a83d0f2-877d-4899-b643-a2cfb544849d', 's3a4d@wiss.ch', 'Student', 'S');
INSERT INTO users (id, role_id, email, first_name, last_name) VALUES ('10522cbe-5e94-475a-bb0a-df270feca156', '5a83d0f2-877d-4899-b643-a2cfb544849d', 's1052@wiss.ch', 'Student', 'S');
INSERT INTO users (id, role_id, email, first_name, last_name) VALUES ('e199b01b-1912-4eec-bf38-9e98670e1b05', '5a83d0f2-877d-4899-b643-a2cfb544849d', 'se199@wiss.ch', 'Student', 'S');
INSERT INTO users (id, role_id, email, first_name, last_name) VALUES ('c6e75092-b218-4583-8523-658ec68e939d', '5a83d0f2-877d-4899-b643-a2cfb544849d', 'sc6e7@wiss.ch', 'Student', 'S');
INSERT INTO users (id, role_id, email, first_name, last_name) VALUES ('dcb37d2c-df75-492b-a78e-5806e07d19ac', '5a83d0f2-877d-4899-b643-a2cfb544849d', 'sdcb3@wiss.ch', 'Student', 'S');
INSERT INTO users (id, role_id, email, first_name, last_name) VALUES ('37595fde-d8f5-4d68-b9c0-6c93f9c65844', '5a83d0f2-877d-4899-b643-a2cfb544849d', 's3759@wiss.ch', 'Student', 'S');
INSERT INTO users (id, role_id, email, first_name, last_name) VALUES ('409fcb5c-0736-4f19-9a3c-87971f4e60cc', '5a83d0f2-877d-4899-b643-a2cfb544849d', 's409f@wiss.ch', 'Student', 'S');
INSERT INTO users (id, role_id, email, first_name, last_name) VALUES ('9210b1dc-fa77-485c-b180-e40671b4f186', '5a83d0f2-877d-4899-b643-a2cfb544849d', 's9210@wiss.ch', 'Student', 'S');
INSERT INTO users (id, role_id, email, first_name, last_name) VALUES ('1e52bc40-587f-4788-b2ed-3cee0d47180a', '5a83d0f2-877d-4899-b643-a2cfb544849d', 's1e52@wiss.ch', 'Student', 'S');
INSERT INTO users (id, role_id, email, first_name, last_name) VALUES ('c187e386-80b1-48ac-8c01-7b56db2c527c', '5a83d0f2-877d-4899-b643-a2cfb544849d', 'sc187@wiss.ch', 'Student', 'S');
INSERT INTO users (id, role_id, email, first_name, last_name) VALUES ('310ce815-81cd-4d83-b871-5e077f427346', '5a83d0f2-877d-4899-b643-a2cfb544849d', 's310c@wiss.ch', 'Student', 'S');
INSERT INTO users (id, role_id, email, first_name, last_name) VALUES ('032a8c24-3d1e-4713-949c-84a87709cb7e', '5a83d0f2-877d-4899-b643-a2cfb544849d', 's032a@wiss.ch', 'Student', 'S');
INSERT INTO users (id, role_id, email, first_name, last_name) VALUES ('4c12124b-69b6-4822-bcaa-87b86d8b268c', '5a83d0f2-877d-4899-b643-a2cfb544849d', 's4c12@wiss.ch', 'Student', 'S');
INSERT INTO class_enrollments (user_id, class_id) VALUES ('a349690e-77ee-47eb-8ce6-923cc4e858cd', '76dd92bd-c811-4011-a81e-45cc1ca9744b');
INSERT INTO class_enrollments (user_id, class_id) VALUES ('be173051-fa05-4349-a61c-2600f221c72f', '76dd92bd-c811-4011-a81e-45cc1ca9744b');
INSERT INTO class_enrollments (user_id, class_id) VALUES ('b10dd8f2-c524-4e72-8bb7-f5cac0a97c16', '76dd92bd-c811-4011-a81e-45cc1ca9744b');
INSERT INTO class_enrollments (user_id, class_id) VALUES ('1ffa9063-c8cc-44eb-aff4-2b0e6b9e2e68', '76dd92bd-c811-4011-a81e-45cc1ca9744b');
INSERT INTO class_enrollments (user_id, class_id) VALUES ('78be6cb0-bf17-476f-9bb0-fc31287146c3', '76dd92bd-c811-4011-a81e-45cc1ca9744b');
INSERT INTO class_enrollments (user_id, class_id) VALUES ('b4bbe393-d64b-4a23-a5a9-ff6132fca992', '76dd92bd-c811-4011-a81e-45cc1ca9744b');
INSERT INTO class_enrollments (user_id, class_id) VALUES ('25389329-427a-49e9-b7ef-c9dc290b1e71', '76dd92bd-c811-4011-a81e-45cc1ca9744b');
INSERT INTO class_enrollments (user_id, class_id) VALUES ('3844f16a-2750-4054-b310-5f96c60da84f', '76dd92bd-c811-4011-a81e-45cc1ca9744b');
INSERT INTO class_enrollments (user_id, class_id) VALUES ('d1ccc585-6cf7-4e52-83f3-1683f631786b', '76dd92bd-c811-4011-a81e-45cc1ca9744b');
INSERT INTO class_enrollments (user_id, class_id) VALUES ('e399d43a-f2f0-4569-bc29-c1c450adfc02', '76dd92bd-c811-4011-a81e-45cc1ca9744b');
INSERT INTO class_enrollments (user_id, class_id) VALUES ('8dcec305-b245-457d-91b4-8c66c3efcb12', '76dd92bd-c811-4011-a81e-45cc1ca9744b');
INSERT INTO class_enrollments (user_id, class_id) VALUES ('732ddb4f-c15f-42ed-a05e-b5136d78adcb', '76dd92bd-c811-4011-a81e-45cc1ca9744b');
INSERT INTO class_enrollments (user_id, class_id) VALUES ('d237fdb5-11f4-4c16-bc5d-11d359bac105', '76dd92bd-c811-4011-a81e-45cc1ca9744b');
INSERT INTO class_enrollments (user_id, class_id) VALUES ('fb11fb2d-d254-49de-b450-97afe7af33e7', '76dd92bd-c811-4011-a81e-45cc1ca9744b');
INSERT INTO class_enrollments (user_id, class_id) VALUES ('9e4547b0-5b88-430b-b60b-19d580efd059', '76dd92bd-c811-4011-a81e-45cc1ca9744b');
INSERT INTO class_enrollments (user_id, class_id) VALUES ('9e0bb25e-a6f4-4469-a732-caadc47c1b68', '76dd92bd-c811-4011-a81e-45cc1ca9744b');
INSERT INTO class_enrollments (user_id, class_id) VALUES ('36e334ee-a466-4c65-9b34-de3da668faf2', '76dd92bd-c811-4011-a81e-45cc1ca9744b');
INSERT INTO class_enrollments (user_id, class_id) VALUES ('3a4d3cdb-3f0a-4638-8407-32c9a58b062d', '76dd92bd-c811-4011-a81e-45cc1ca9744b');
INSERT INTO class_enrollments (user_id, class_id) VALUES ('10522cbe-5e94-475a-bb0a-df270feca156', '76dd92bd-c811-4011-a81e-45cc1ca9744b');
INSERT INTO class_enrollments (user_id, class_id) VALUES ('e199b01b-1912-4eec-bf38-9e98670e1b05', '76dd92bd-c811-4011-a81e-45cc1ca9744b');
INSERT INTO class_enrollments (user_id, class_id) VALUES ('c6e75092-b218-4583-8523-658ec68e939d', '76dd92bd-c811-4011-a81e-45cc1ca9744b');
INSERT INTO class_enrollments (user_id, class_id) VALUES ('dcb37d2c-df75-492b-a78e-5806e07d19ac', '76dd92bd-c811-4011-a81e-45cc1ca9744b');
INSERT INTO class_enrollments (user_id, class_id) VALUES ('37595fde-d8f5-4d68-b9c0-6c93f9c65844', '76dd92bd-c811-4011-a81e-45cc1ca9744b');
INSERT INTO class_enrollments (user_id, class_id) VALUES ('409fcb5c-0736-4f19-9a3c-87971f4e60cc', '76dd92bd-c811-4011-a81e-45cc1ca9744b');
INSERT INTO class_enrollments (user_id, class_id) VALUES ('9210b1dc-fa77-485c-b180-e40671b4f186', '76dd92bd-c811-4011-a81e-45cc1ca9744b');
INSERT INTO class_enrollments (user_id, class_id) VALUES ('1e52bc40-587f-4788-b2ed-3cee0d47180a', '76dd92bd-c811-4011-a81e-45cc1ca9744b');
INSERT INTO class_enrollments (user_id, class_id) VALUES ('c187e386-80b1-48ac-8c01-7b56db2c527c', '76dd92bd-c811-4011-a81e-45cc1ca9744b');
INSERT INTO class_enrollments (user_id, class_id) VALUES ('310ce815-81cd-4d83-b871-5e077f427346', '76dd92bd-c811-4011-a81e-45cc1ca9744b');
INSERT INTO class_enrollments (user_id, class_id) VALUES ('032a8c24-3d1e-4713-949c-84a87709cb7e', '76dd92bd-c811-4011-a81e-45cc1ca9744b');
INSERT INTO class_enrollments (user_id, class_id) VALUES ('4c12124b-69b6-4822-bcaa-87b86d8b268c', '76dd92bd-c811-4011-a81e-45cc1ca9744b');
INSERT INTO class_sessions (id, class_id, session_date, required_lessons) VALUES ('523adf5a-cf78-4bf4-845d-41455576f24a', '76dd92bd-c811-4011-a81e-45cc1ca9744b', '2026-05-01 08:00:00+02', 4.0);
INSERT INTO attendance_records (session_id, student_id, attended_lessons, status) VALUES ('523adf5a-cf78-4bf4-845d-41455576f24a', 'a349690e-77ee-47eb-8ce6-923cc4e858cd', 4.0, 'Teilgenommen');
INSERT INTO attendance_records (session_id, student_id, attended_lessons, status) VALUES ('523adf5a-cf78-4bf4-845d-41455576f24a', 'be173051-fa05-4349-a61c-2600f221c72f', 4.0, 'Teilgenommen');
INSERT INTO attendance_records (session_id, student_id, attended_lessons, status) VALUES ('523adf5a-cf78-4bf4-845d-41455576f24a', 'b10dd8f2-c524-4e72-8bb7-f5cac0a97c16', 4.0, 'Teilgenommen');
INSERT INTO attendance_records (session_id, student_id, attended_lessons, status) VALUES ('523adf5a-cf78-4bf4-845d-41455576f24a', '1ffa9063-c8cc-44eb-aff4-2b0e6b9e2e68', 4.0, 'Teilgenommen');
INSERT INTO attendance_records (session_id, student_id, attended_lessons, status) VALUES ('523adf5a-cf78-4bf4-845d-41455576f24a', '78be6cb0-bf17-476f-9bb0-fc31287146c3', 4.0, 'Teilgenommen');
INSERT INTO attendance_records (session_id, student_id, attended_lessons, status) VALUES ('523adf5a-cf78-4bf4-845d-41455576f24a', 'b4bbe393-d64b-4a23-a5a9-ff6132fca992', 4.0, 'Teilgenommen');
INSERT INTO attendance_records (session_id, student_id, attended_lessons, status) VALUES ('523adf5a-cf78-4bf4-845d-41455576f24a', '25389329-427a-49e9-b7ef-c9dc290b1e71', 4.0, 'Teilgenommen');
INSERT INTO attendance_records (session_id, student_id, attended_lessons, status) VALUES ('523adf5a-cf78-4bf4-845d-41455576f24a', '3844f16a-2750-4054-b310-5f96c60da84f', 4.0, 'Teilgenommen');
INSERT INTO attendance_records (session_id, student_id, attended_lessons, status) VALUES ('523adf5a-cf78-4bf4-845d-41455576f24a', 'd1ccc585-6cf7-4e52-83f3-1683f631786b', 4.0, 'Teilgenommen');
INSERT INTO attendance_records (session_id, student_id, attended_lessons, status) VALUES ('523adf5a-cf78-4bf4-845d-41455576f24a', 'e399d43a-f2f0-4569-bc29-c1c450adfc02', 4.0, 'Teilgenommen');
INSERT INTO attendance_records (session_id, student_id, attended_lessons, status) VALUES ('523adf5a-cf78-4bf4-845d-41455576f24a', '8dcec305-b245-457d-91b4-8c66c3efcb12', 4.0, 'Teilgenommen');
INSERT INTO attendance_records (session_id, student_id, attended_lessons, status) VALUES ('523adf5a-cf78-4bf4-845d-41455576f24a', '732ddb4f-c15f-42ed-a05e-b5136d78adcb', 4.0, 'Teilgenommen');
INSERT INTO attendance_records (session_id, student_id, attended_lessons, status) VALUES ('523adf5a-cf78-4bf4-845d-41455576f24a', 'd237fdb5-11f4-4c16-bc5d-11d359bac105', 4.0, 'Teilgenommen');
INSERT INTO attendance_records (session_id, student_id, attended_lessons, status) VALUES ('523adf5a-cf78-4bf4-845d-41455576f24a', 'fb11fb2d-d254-49de-b450-97afe7af33e7', 4.0, 'Teilgenommen');
INSERT INTO attendance_records (session_id, student_id, attended_lessons, status) VALUES ('523adf5a-cf78-4bf4-845d-41455576f24a', '9e4547b0-5b88-430b-b60b-19d580efd059', 4.0, 'Teilgenommen');
INSERT INTO attendance_records (session_id, student_id, attended_lessons, status) VALUES ('523adf5a-cf78-4bf4-845d-41455576f24a', '9e0bb25e-a6f4-4469-a732-caadc47c1b68', 4.0, 'Teilgenommen');
INSERT INTO attendance_records (session_id, student_id, attended_lessons, status) VALUES ('523adf5a-cf78-4bf4-845d-41455576f24a', '36e334ee-a466-4c65-9b34-de3da668faf2', 4.0, 'Teilgenommen');
INSERT INTO attendance_records (session_id, student_id, attended_lessons, status) VALUES ('523adf5a-cf78-4bf4-845d-41455576f24a', '3a4d3cdb-3f0a-4638-8407-32c9a58b062d', 4.0, 'Teilgenommen');
INSERT INTO attendance_records (session_id, student_id, attended_lessons, status) VALUES ('523adf5a-cf78-4bf4-845d-41455576f24a', '10522cbe-5e94-475a-bb0a-df270feca156', 4.0, 'Teilgenommen');
INSERT INTO attendance_records (session_id, student_id, attended_lessons, status) VALUES ('523adf5a-cf78-4bf4-845d-41455576f24a', 'e199b01b-1912-4eec-bf38-9e98670e1b05', 4.0, 'Teilgenommen');
INSERT INTO attendance_records (session_id, student_id, attended_lessons, status) VALUES ('523adf5a-cf78-4bf4-845d-41455576f24a', 'c6e75092-b218-4583-8523-658ec68e939d', 4.0, 'Teilgenommen');
INSERT INTO attendance_records (session_id, student_id, attended_lessons, status) VALUES ('523adf5a-cf78-4bf4-845d-41455576f24a', 'dcb37d2c-df75-492b-a78e-5806e07d19ac', 4.0, 'Teilgenommen');
INSERT INTO attendance_records (session_id, student_id, attended_lessons, status) VALUES ('523adf5a-cf78-4bf4-845d-41455576f24a', '37595fde-d8f5-4d68-b9c0-6c93f9c65844', 4.0, 'Teilgenommen');
INSERT INTO attendance_records (session_id, student_id, attended_lessons, status) VALUES ('523adf5a-cf78-4bf4-845d-41455576f24a', '409fcb5c-0736-4f19-9a3c-87971f4e60cc', 4.0, 'Teilgenommen');
INSERT INTO attendance_records (session_id, student_id, attended_lessons, status) VALUES ('523adf5a-cf78-4bf4-845d-41455576f24a', '9210b1dc-fa77-485c-b180-e40671b4f186', 4.0, 'Teilgenommen');
INSERT INTO attendance_records (session_id, student_id, attended_lessons, status) VALUES ('523adf5a-cf78-4bf4-845d-41455576f24a', '1e52bc40-587f-4788-b2ed-3cee0d47180a', 4.0, 'Teilgenommen');
INSERT INTO attendance_records (session_id, student_id, attended_lessons, status) VALUES ('523adf5a-cf78-4bf4-845d-41455576f24a', 'c187e386-80b1-48ac-8c01-7b56db2c527c', 4.0, 'Teilgenommen');
INSERT INTO attendance_records (session_id, student_id, attended_lessons, status) VALUES ('523adf5a-cf78-4bf4-845d-41455576f24a', '310ce815-81cd-4d83-b871-5e077f427346', 4.0, 'Teilgenommen');
INSERT INTO attendance_records (session_id, student_id, attended_lessons, status) VALUES ('523adf5a-cf78-4bf4-845d-41455576f24a', '032a8c24-3d1e-4713-949c-84a87709cb7e', 4.0, 'Teilgenommen');
INSERT INTO attendance_records (session_id, student_id, attended_lessons, status) VALUES ('523adf5a-cf78-4bf4-845d-41455576f24a', '4c12124b-69b6-4822-bcaa-87b86d8b268c', 4.0, 'Teilgenommen');
INSERT INTO class_sessions (id, class_id, session_date, required_lessons) VALUES ('6c803514-f409-4918-90e3-f5ff11b86bda', '76dd92bd-c811-4011-a81e-45cc1ca9744b', '2026-05-02 08:00:00+02', 4.0);
INSERT INTO attendance_records (session_id, student_id, attended_lessons, status) VALUES ('6c803514-f409-4918-90e3-f5ff11b86bda', 'a349690e-77ee-47eb-8ce6-923cc4e858cd', 4.0, 'Teilgenommen');
INSERT INTO attendance_records (session_id, student_id, attended_lessons, status) VALUES ('6c803514-f409-4918-90e3-f5ff11b86bda', 'be173051-fa05-4349-a61c-2600f221c72f', 4.0, 'Teilgenommen');
INSERT INTO attendance_records (session_id, student_id, attended_lessons, status) VALUES ('6c803514-f409-4918-90e3-f5ff11b86bda', 'b10dd8f2-c524-4e72-8bb7-f5cac0a97c16', 4.0, 'Teilgenommen');
INSERT INTO attendance_records (session_id, student_id, attended_lessons, status) VALUES ('6c803514-f409-4918-90e3-f5ff11b86bda', '1ffa9063-c8cc-44eb-aff4-2b0e6b9e2e68', 4.0, 'Teilgenommen');
INSERT INTO attendance_records (session_id, student_id, attended_lessons, status) VALUES ('6c803514-f409-4918-90e3-f5ff11b86bda', '78be6cb0-bf17-476f-9bb0-fc31287146c3', 4.0, 'Teilgenommen');
INSERT INTO attendance_records (session_id, student_id, attended_lessons, status) VALUES ('6c803514-f409-4918-90e3-f5ff11b86bda', 'b4bbe393-d64b-4a23-a5a9-ff6132fca992', 4.0, 'Teilgenommen');
INSERT INTO attendance_records (session_id, student_id, attended_lessons, status) VALUES ('6c803514-f409-4918-90e3-f5ff11b86bda', '25389329-427a-49e9-b7ef-c9dc290b1e71', 4.0, 'Teilgenommen');
INSERT INTO attendance_records (session_id, student_id, attended_lessons, status) VALUES ('6c803514-f409-4918-90e3-f5ff11b86bda', '3844f16a-2750-4054-b310-5f96c60da84f', 4.0, 'Teilgenommen');
INSERT INTO attendance_records (session_id, student_id, attended_lessons, status) VALUES ('6c803514-f409-4918-90e3-f5ff11b86bda', 'd1ccc585-6cf7-4e52-83f3-1683f631786b', 4.0, 'Teilgenommen');
INSERT INTO attendance_records (session_id, student_id, attended_lessons, status) VALUES ('6c803514-f409-4918-90e3-f5ff11b86bda', 'e399d43a-f2f0-4569-bc29-c1c450adfc02', 4.0, 'Teilgenommen');
INSERT INTO attendance_records (session_id, student_id, attended_lessons, status) VALUES ('6c803514-f409-4918-90e3-f5ff11b86bda', '8dcec305-b245-457d-91b4-8c66c3efcb12', 4.0, 'Teilgenommen');
INSERT INTO attendance_records (session_id, student_id, attended_lessons, status) VALUES ('6c803514-f409-4918-90e3-f5ff11b86bda', '732ddb4f-c15f-42ed-a05e-b5136d78adcb', 4.0, 'Teilgenommen');
INSERT INTO attendance_records (session_id, student_id, attended_lessons, status) VALUES ('6c803514-f409-4918-90e3-f5ff11b86bda', 'd237fdb5-11f4-4c16-bc5d-11d359bac105', 4.0, 'Teilgenommen');
INSERT INTO attendance_records (session_id, student_id, attended_lessons, status) VALUES ('6c803514-f409-4918-90e3-f5ff11b86bda', 'fb11fb2d-d254-49de-b450-97afe7af33e7', 4.0, 'Teilgenommen');
INSERT INTO attendance_records (session_id, student_id, attended_lessons, status) VALUES ('6c803514-f409-4918-90e3-f5ff11b86bda', '9e4547b0-5b88-430b-b60b-19d580efd059', 4.0, 'Teilgenommen');
INSERT INTO attendance_records (session_id, student_id, attended_lessons, status) VALUES ('6c803514-f409-4918-90e3-f5ff11b86bda', '9e0bb25e-a6f4-4469-a732-caadc47c1b68', 4.0, 'Teilgenommen');
INSERT INTO attendance_records (session_id, student_id, attended_lessons, status) VALUES ('6c803514-f409-4918-90e3-f5ff11b86bda', '36e334ee-a466-4c65-9b34-de3da668faf2', 4.0, 'Teilgenommen');
INSERT INTO attendance_records (session_id, student_id, attended_lessons, status) VALUES ('6c803514-f409-4918-90e3-f5ff11b86bda', '3a4d3cdb-3f0a-4638-8407-32c9a58b062d', 4.0, 'Teilgenommen');
INSERT INTO attendance_records (session_id, student_id, attended_lessons, status) VALUES ('6c803514-f409-4918-90e3-f5ff11b86bda', '10522cbe-5e94-475a-bb0a-df270feca156', 4.0, 'Teilgenommen');
INSERT INTO attendance_records (session_id, student_id, attended_lessons, status) VALUES ('6c803514-f409-4918-90e3-f5ff11b86bda', 'e199b01b-1912-4eec-bf38-9e98670e1b05', 4.0, 'Teilgenommen');
INSERT INTO attendance_records (session_id, student_id, attended_lessons, status) VALUES ('6c803514-f409-4918-90e3-f5ff11b86bda', 'c6e75092-b218-4583-8523-658ec68e939d', 4.0, 'Teilgenommen');
INSERT INTO attendance_records (session_id, student_id, attended_lessons, status) VALUES ('6c803514-f409-4918-90e3-f5ff11b86bda', 'dcb37d2c-df75-492b-a78e-5806e07d19ac', 4.0, 'Teilgenommen');
INSERT INTO attendance_records (session_id, student_id, attended_lessons, status) VALUES ('6c803514-f409-4918-90e3-f5ff11b86bda', '37595fde-d8f5-4d68-b9c0-6c93f9c65844', 4.0, 'Teilgenommen');
INSERT INTO attendance_records (session_id, student_id, attended_lessons, status) VALUES ('6c803514-f409-4918-90e3-f5ff11b86bda', '409fcb5c-0736-4f19-9a3c-87971f4e60cc', 4.0, 'Teilgenommen');
INSERT INTO attendance_records (session_id, student_id, attended_lessons, status) VALUES ('6c803514-f409-4918-90e3-f5ff11b86bda', '9210b1dc-fa77-485c-b180-e40671b4f186', 4.0, 'Teilgenommen');
INSERT INTO attendance_records (session_id, student_id, attended_lessons, status) VALUES ('6c803514-f409-4918-90e3-f5ff11b86bda', '1e52bc40-587f-4788-b2ed-3cee0d47180a', 4.0, 'Teilgenommen');
INSERT INTO attendance_records (session_id, student_id, attended_lessons, status) VALUES ('6c803514-f409-4918-90e3-f5ff11b86bda', 'c187e386-80b1-48ac-8c01-7b56db2c527c', 4.0, 'Teilgenommen');
INSERT INTO attendance_records (session_id, student_id, attended_lessons, status) VALUES ('6c803514-f409-4918-90e3-f5ff11b86bda', '310ce815-81cd-4d83-b871-5e077f427346', 4.0, 'Teilgenommen');
INSERT INTO attendance_records (session_id, student_id, attended_lessons, status) VALUES ('6c803514-f409-4918-90e3-f5ff11b86bda', '032a8c24-3d1e-4713-949c-84a87709cb7e', 4.0, 'Teilgenommen');
INSERT INTO attendance_records (session_id, student_id, attended_lessons, status) VALUES ('6c803514-f409-4918-90e3-f5ff11b86bda', '4c12124b-69b6-4822-bcaa-87b86d8b268c', 4.0, 'Teilgenommen');
INSERT INTO class_sessions (id, class_id, session_date, required_lessons) VALUES ('c0d8bc3b-151e-4eab-9943-a6cbbb8e3479', '76dd92bd-c811-4011-a81e-45cc1ca9744b', '2026-05-03 08:00:00+02', 4.0);
INSERT INTO attendance_records (session_id, student_id, attended_lessons, status) VALUES ('c0d8bc3b-151e-4eab-9943-a6cbbb8e3479', 'a349690e-77ee-47eb-8ce6-923cc4e858cd', 4.0, 'Teilgenommen');
INSERT INTO attendance_records (session_id, student_id, attended_lessons, status) VALUES ('c0d8bc3b-151e-4eab-9943-a6cbbb8e3479', 'be173051-fa05-4349-a61c-2600f221c72f', 4.0, 'Teilgenommen');
INSERT INTO attendance_records (session_id, student_id, attended_lessons, status) VALUES ('c0d8bc3b-151e-4eab-9943-a6cbbb8e3479', 'b10dd8f2-c524-4e72-8bb7-f5cac0a97c16', 4.0, 'Teilgenommen');
INSERT INTO attendance_records (session_id, student_id, attended_lessons, status) VALUES ('c0d8bc3b-151e-4eab-9943-a6cbbb8e3479', '1ffa9063-c8cc-44eb-aff4-2b0e6b9e2e68', 4.0, 'Teilgenommen');
INSERT INTO attendance_records (session_id, student_id, attended_lessons, status) VALUES ('c0d8bc3b-151e-4eab-9943-a6cbbb8e3479', '78be6cb0-bf17-476f-9bb0-fc31287146c3', 4.0, 'Teilgenommen');
INSERT INTO attendance_records (session_id, student_id, attended_lessons, status) VALUES ('c0d8bc3b-151e-4eab-9943-a6cbbb8e3479', 'b4bbe393-d64b-4a23-a5a9-ff6132fca992', 4.0, 'Teilgenommen');
INSERT INTO attendance_records (session_id, student_id, attended_lessons, status) VALUES ('c0d8bc3b-151e-4eab-9943-a6cbbb8e3479', '25389329-427a-49e9-b7ef-c9dc290b1e71', 4.0, 'Teilgenommen');
INSERT INTO attendance_records (session_id, student_id, attended_lessons, status) VALUES ('c0d8bc3b-151e-4eab-9943-a6cbbb8e3479', '3844f16a-2750-4054-b310-5f96c60da84f', 4.0, 'Teilgenommen');
INSERT INTO attendance_records (session_id, student_id, attended_lessons, status) VALUES ('c0d8bc3b-151e-4eab-9943-a6cbbb8e3479', 'd1ccc585-6cf7-4e52-83f3-1683f631786b', 4.0, 'Teilgenommen');
INSERT INTO attendance_records (session_id, student_id, attended_lessons, status) VALUES ('c0d8bc3b-151e-4eab-9943-a6cbbb8e3479', 'e399d43a-f2f0-4569-bc29-c1c450adfc02', 4.0, 'Teilgenommen');
INSERT INTO attendance_records (session_id, student_id, attended_lessons, status) VALUES ('c0d8bc3b-151e-4eab-9943-a6cbbb8e3479', '8dcec305-b245-457d-91b4-8c66c3efcb12', 4.0, 'Teilgenommen');
INSERT INTO attendance_records (session_id, student_id, attended_lessons, status) VALUES ('c0d8bc3b-151e-4eab-9943-a6cbbb8e3479', '732ddb4f-c15f-42ed-a05e-b5136d78adcb', 4.0, 'Teilgenommen');
INSERT INTO attendance_records (session_id, student_id, attended_lessons, status) VALUES ('c0d8bc3b-151e-4eab-9943-a6cbbb8e3479', 'd237fdb5-11f4-4c16-bc5d-11d359bac105', 4.0, 'Teilgenommen');
INSERT INTO attendance_records (session_id, student_id, attended_lessons, status) VALUES ('c0d8bc3b-151e-4eab-9943-a6cbbb8e3479', 'fb11fb2d-d254-49de-b450-97afe7af33e7', 4.0, 'Teilgenommen');
INSERT INTO attendance_records (session_id, student_id, attended_lessons, status) VALUES ('c0d8bc3b-151e-4eab-9943-a6cbbb8e3479', '9e4547b0-5b88-430b-b60b-19d580efd059', 4.0, 'Teilgenommen');
INSERT INTO attendance_records (session_id, student_id, attended_lessons, status) VALUES ('c0d8bc3b-151e-4eab-9943-a6cbbb8e3479', '9e0bb25e-a6f4-4469-a732-caadc47c1b68', 4.0, 'Teilgenommen');
INSERT INTO attendance_records (session_id, student_id, attended_lessons, status) VALUES ('c0d8bc3b-151e-4eab-9943-a6cbbb8e3479', '36e334ee-a466-4c65-9b34-de3da668faf2', 4.0, 'Teilgenommen');
INSERT INTO attendance_records (session_id, student_id, attended_lessons, status) VALUES ('c0d8bc3b-151e-4eab-9943-a6cbbb8e3479', '3a4d3cdb-3f0a-4638-8407-32c9a58b062d', 4.0, 'Teilgenommen');
INSERT INTO attendance_records (session_id, student_id, attended_lessons, status) VALUES ('c0d8bc3b-151e-4eab-9943-a6cbbb8e3479', '10522cbe-5e94-475a-bb0a-df270feca156', 4.0, 'Teilgenommen');
INSERT INTO attendance_records (session_id, student_id, attended_lessons, status) VALUES ('c0d8bc3b-151e-4eab-9943-a6cbbb8e3479', 'e199b01b-1912-4eec-bf38-9e98670e1b05', 4.0, 'Teilgenommen');
INSERT INTO attendance_records (session_id, student_id, attended_lessons, status) VALUES ('c0d8bc3b-151e-4eab-9943-a6cbbb8e3479', 'c6e75092-b218-4583-8523-658ec68e939d', 4.0, 'Teilgenommen');
INSERT INTO attendance_records (session_id, student_id, attended_lessons, status) VALUES ('c0d8bc3b-151e-4eab-9943-a6cbbb8e3479', 'dcb37d2c-df75-492b-a78e-5806e07d19ac', 4.0, 'Teilgenommen');
INSERT INTO attendance_records (session_id, student_id, attended_lessons, status) VALUES ('c0d8bc3b-151e-4eab-9943-a6cbbb8e3479', '37595fde-d8f5-4d68-b9c0-6c93f9c65844', 4.0, 'Teilgenommen');
INSERT INTO attendance_records (session_id, student_id, attended_lessons, status) VALUES ('c0d8bc3b-151e-4eab-9943-a6cbbb8e3479', '409fcb5c-0736-4f19-9a3c-87971f4e60cc', 4.0, 'Teilgenommen');
INSERT INTO attendance_records (session_id, student_id, attended_lessons, status) VALUES ('c0d8bc3b-151e-4eab-9943-a6cbbb8e3479', '9210b1dc-fa77-485c-b180-e40671b4f186', 4.0, 'Teilgenommen');
INSERT INTO attendance_records (session_id, student_id, attended_lessons, status) VALUES ('c0d8bc3b-151e-4eab-9943-a6cbbb8e3479', '1e52bc40-587f-4788-b2ed-3cee0d47180a', 4.0, 'Teilgenommen');
INSERT INTO attendance_records (session_id, student_id, attended_lessons, status) VALUES ('c0d8bc3b-151e-4eab-9943-a6cbbb8e3479', 'c187e386-80b1-48ac-8c01-7b56db2c527c', 4.0, 'Teilgenommen');
INSERT INTO attendance_records (session_id, student_id, attended_lessons, status) VALUES ('c0d8bc3b-151e-4eab-9943-a6cbbb8e3479', '310ce815-81cd-4d83-b871-5e077f427346', 4.0, 'Teilgenommen');
INSERT INTO attendance_records (session_id, student_id, attended_lessons, status) VALUES ('c0d8bc3b-151e-4eab-9943-a6cbbb8e3479', '032a8c24-3d1e-4713-949c-84a87709cb7e', 4.0, 'Teilgenommen');
INSERT INTO attendance_records (session_id, student_id, attended_lessons, status) VALUES ('c0d8bc3b-151e-4eab-9943-a6cbbb8e3479', '4c12124b-69b6-4822-bcaa-87b86d8b268c', 4.0, 'Teilgenommen');
INSERT INTO class_sessions (id, class_id, session_date, required_lessons) VALUES ('1bcb4379-5cfe-4158-9f56-5bab4e349242', '76dd92bd-c811-4011-a81e-45cc1ca9744b', '2026-05-04 08:00:00+02', 4.0);
INSERT INTO attendance_records (session_id, student_id, attended_lessons, status) VALUES ('1bcb4379-5cfe-4158-9f56-5bab4e349242', 'a349690e-77ee-47eb-8ce6-923cc4e858cd', 4.0, 'Teilgenommen');
INSERT INTO attendance_records (session_id, student_id, attended_lessons, status) VALUES ('1bcb4379-5cfe-4158-9f56-5bab4e349242', 'be173051-fa05-4349-a61c-2600f221c72f', 4.0, 'Teilgenommen');
INSERT INTO attendance_records (session_id, student_id, attended_lessons, status) VALUES ('1bcb4379-5cfe-4158-9f56-5bab4e349242', 'b10dd8f2-c524-4e72-8bb7-f5cac0a97c16', 4.0, 'Teilgenommen');
INSERT INTO attendance_records (session_id, student_id, attended_lessons, status) VALUES ('1bcb4379-5cfe-4158-9f56-5bab4e349242', '1ffa9063-c8cc-44eb-aff4-2b0e6b9e2e68', 4.0, 'Teilgenommen');
INSERT INTO attendance_records (session_id, student_id, attended_lessons, status) VALUES ('1bcb4379-5cfe-4158-9f56-5bab4e349242', '78be6cb0-bf17-476f-9bb0-fc31287146c3', 4.0, 'Teilgenommen');
INSERT INTO attendance_records (session_id, student_id, attended_lessons, status) VALUES ('1bcb4379-5cfe-4158-9f56-5bab4e349242', 'b4bbe393-d64b-4a23-a5a9-ff6132fca992', 4.0, 'Teilgenommen');
INSERT INTO attendance_records (session_id, student_id, attended_lessons, status) VALUES ('1bcb4379-5cfe-4158-9f56-5bab4e349242', '25389329-427a-49e9-b7ef-c9dc290b1e71', 4.0, 'Teilgenommen');
INSERT INTO attendance_records (session_id, student_id, attended_lessons, status) VALUES ('1bcb4379-5cfe-4158-9f56-5bab4e349242', '3844f16a-2750-4054-b310-5f96c60da84f', 4.0, 'Teilgenommen');
INSERT INTO attendance_records (session_id, student_id, attended_lessons, status) VALUES ('1bcb4379-5cfe-4158-9f56-5bab4e349242', 'd1ccc585-6cf7-4e52-83f3-1683f631786b', 4.0, 'Teilgenommen');
INSERT INTO attendance_records (session_id, student_id, attended_lessons, status) VALUES ('1bcb4379-5cfe-4158-9f56-5bab4e349242', 'e399d43a-f2f0-4569-bc29-c1c450adfc02', 4.0, 'Teilgenommen');
INSERT INTO attendance_records (session_id, student_id, attended_lessons, status) VALUES ('1bcb4379-5cfe-4158-9f56-5bab4e349242', '8dcec305-b245-457d-91b4-8c66c3efcb12', 4.0, 'Teilgenommen');
INSERT INTO attendance_records (session_id, student_id, attended_lessons, status) VALUES ('1bcb4379-5cfe-4158-9f56-5bab4e349242', '732ddb4f-c15f-42ed-a05e-b5136d78adcb', 4.0, 'Teilgenommen');
INSERT INTO attendance_records (session_id, student_id, attended_lessons, status) VALUES ('1bcb4379-5cfe-4158-9f56-5bab4e349242', 'd237fdb5-11f4-4c16-bc5d-11d359bac105', 4.0, 'Teilgenommen');
INSERT INTO attendance_records (session_id, student_id, attended_lessons, status) VALUES ('1bcb4379-5cfe-4158-9f56-5bab4e349242', 'fb11fb2d-d254-49de-b450-97afe7af33e7', 4.0, 'Teilgenommen');
INSERT INTO attendance_records (session_id, student_id, attended_lessons, status) VALUES ('1bcb4379-5cfe-4158-9f56-5bab4e349242', '9e4547b0-5b88-430b-b60b-19d580efd059', 4.0, 'Teilgenommen');
INSERT INTO attendance_records (session_id, student_id, attended_lessons, status) VALUES ('1bcb4379-5cfe-4158-9f56-5bab4e349242', '9e0bb25e-a6f4-4469-a732-caadc47c1b68', 4.0, 'Teilgenommen');
INSERT INTO attendance_records (session_id, student_id, attended_lessons, status) VALUES ('1bcb4379-5cfe-4158-9f56-5bab4e349242', '36e334ee-a466-4c65-9b34-de3da668faf2', 4.0, 'Teilgenommen');
INSERT INTO attendance_records (session_id, student_id, attended_lessons, status) VALUES ('1bcb4379-5cfe-4158-9f56-5bab4e349242', '3a4d3cdb-3f0a-4638-8407-32c9a58b062d', 4.0, 'Teilgenommen');
INSERT INTO attendance_records (session_id, student_id, attended_lessons, status) VALUES ('1bcb4379-5cfe-4158-9f56-5bab4e349242', '10522cbe-5e94-475a-bb0a-df270feca156', 4.0, 'Teilgenommen');
INSERT INTO attendance_records (session_id, student_id, attended_lessons, status) VALUES ('1bcb4379-5cfe-4158-9f56-5bab4e349242', 'e199b01b-1912-4eec-bf38-9e98670e1b05', 4.0, 'Teilgenommen');
INSERT INTO attendance_records (session_id, student_id, attended_lessons, status) VALUES ('1bcb4379-5cfe-4158-9f56-5bab4e349242', 'c6e75092-b218-4583-8523-658ec68e939d', 4.0, 'Teilgenommen');
INSERT INTO attendance_records (session_id, student_id, attended_lessons, status) VALUES ('1bcb4379-5cfe-4158-9f56-5bab4e349242', 'dcb37d2c-df75-492b-a78e-5806e07d19ac', 4.0, 'Teilgenommen');
INSERT INTO attendance_records (session_id, student_id, attended_lessons, status) VALUES ('1bcb4379-5cfe-4158-9f56-5bab4e349242', '37595fde-d8f5-4d68-b9c0-6c93f9c65844', 4.0, 'Teilgenommen');
INSERT INTO attendance_records (session_id, student_id, attended_lessons, status) VALUES ('1bcb4379-5cfe-4158-9f56-5bab4e349242', '409fcb5c-0736-4f19-9a3c-87971f4e60cc', 4.0, 'Teilgenommen');
INSERT INTO attendance_records (session_id, student_id, attended_lessons, status) VALUES ('1bcb4379-5cfe-4158-9f56-5bab4e349242', '9210b1dc-fa77-485c-b180-e40671b4f186', 4.0, 'Teilgenommen');
INSERT INTO attendance_records (session_id, student_id, attended_lessons, status) VALUES ('1bcb4379-5cfe-4158-9f56-5bab4e349242', '1e52bc40-587f-4788-b2ed-3cee0d47180a', 4.0, 'Teilgenommen');
INSERT INTO attendance_records (session_id, student_id, attended_lessons, status) VALUES ('1bcb4379-5cfe-4158-9f56-5bab4e349242', 'c187e386-80b1-48ac-8c01-7b56db2c527c', 4.0, 'Teilgenommen');
INSERT INTO attendance_records (session_id, student_id, attended_lessons, status) VALUES ('1bcb4379-5cfe-4158-9f56-5bab4e349242', '310ce815-81cd-4d83-b871-5e077f427346', 4.0, 'Teilgenommen');
INSERT INTO attendance_records (session_id, student_id, attended_lessons, status) VALUES ('1bcb4379-5cfe-4158-9f56-5bab4e349242', '032a8c24-3d1e-4713-949c-84a87709cb7e', 4.0, 'Teilgenommen');
INSERT INTO attendance_records (session_id, student_id, attended_lessons, status) VALUES ('1bcb4379-5cfe-4158-9f56-5bab4e349242', '4c12124b-69b6-4822-bcaa-87b86d8b268c', 4.0, 'Teilgenommen');
INSERT INTO class_sessions (id, class_id, session_date, required_lessons) VALUES ('175169bb-ce54-4114-ae45-343de06ef5f8', '76dd92bd-c811-4011-a81e-45cc1ca9744b', '2026-05-05 08:00:00+02', 4.0);
INSERT INTO attendance_records (session_id, student_id, attended_lessons, status) VALUES ('175169bb-ce54-4114-ae45-343de06ef5f8', 'a349690e-77ee-47eb-8ce6-923cc4e858cd', 4.0, 'Teilgenommen');
INSERT INTO attendance_records (session_id, student_id, attended_lessons, status) VALUES ('175169bb-ce54-4114-ae45-343de06ef5f8', 'be173051-fa05-4349-a61c-2600f221c72f', 4.0, 'Teilgenommen');
INSERT INTO attendance_records (session_id, student_id, attended_lessons, status) VALUES ('175169bb-ce54-4114-ae45-343de06ef5f8', 'b10dd8f2-c524-4e72-8bb7-f5cac0a97c16', 4.0, 'Teilgenommen');
INSERT INTO attendance_records (session_id, student_id, attended_lessons, status) VALUES ('175169bb-ce54-4114-ae45-343de06ef5f8', '1ffa9063-c8cc-44eb-aff4-2b0e6b9e2e68', 4.0, 'Teilgenommen');
INSERT INTO attendance_records (session_id, student_id, attended_lessons, status) VALUES ('175169bb-ce54-4114-ae45-343de06ef5f8', '78be6cb0-bf17-476f-9bb0-fc31287146c3', 4.0, 'Teilgenommen');
INSERT INTO attendance_records (session_id, student_id, attended_lessons, status) VALUES ('175169bb-ce54-4114-ae45-343de06ef5f8', 'b4bbe393-d64b-4a23-a5a9-ff6132fca992', 4.0, 'Teilgenommen');
INSERT INTO attendance_records (session_id, student_id, attended_lessons, status) VALUES ('175169bb-ce54-4114-ae45-343de06ef5f8', '25389329-427a-49e9-b7ef-c9dc290b1e71', 4.0, 'Teilgenommen');
INSERT INTO attendance_records (session_id, student_id, attended_lessons, status) VALUES ('175169bb-ce54-4114-ae45-343de06ef5f8', '3844f16a-2750-4054-b310-5f96c60da84f', 4.0, 'Teilgenommen');
INSERT INTO attendance_records (session_id, student_id, attended_lessons, status) VALUES ('175169bb-ce54-4114-ae45-343de06ef5f8', 'd1ccc585-6cf7-4e52-83f3-1683f631786b', 4.0, 'Teilgenommen');
INSERT INTO attendance_records (session_id, student_id, attended_lessons, status) VALUES ('175169bb-ce54-4114-ae45-343de06ef5f8', 'e399d43a-f2f0-4569-bc29-c1c450adfc02', 4.0, 'Teilgenommen');
INSERT INTO attendance_records (session_id, student_id, attended_lessons, status) VALUES ('175169bb-ce54-4114-ae45-343de06ef5f8', '8dcec305-b245-457d-91b4-8c66c3efcb12', 4.0, 'Teilgenommen');
INSERT INTO attendance_records (session_id, student_id, attended_lessons, status) VALUES ('175169bb-ce54-4114-ae45-343de06ef5f8', '732ddb4f-c15f-42ed-a05e-b5136d78adcb', 4.0, 'Teilgenommen');
INSERT INTO attendance_records (session_id, student_id, attended_lessons, status) VALUES ('175169bb-ce54-4114-ae45-343de06ef5f8', 'd237fdb5-11f4-4c16-bc5d-11d359bac105', 4.0, 'Teilgenommen');
INSERT INTO attendance_records (session_id, student_id, attended_lessons, status) VALUES ('175169bb-ce54-4114-ae45-343de06ef5f8', 'fb11fb2d-d254-49de-b450-97afe7af33e7', 4.0, 'Teilgenommen');
INSERT INTO attendance_records (session_id, student_id, attended_lessons, status) VALUES ('175169bb-ce54-4114-ae45-343de06ef5f8', '9e4547b0-5b88-430b-b60b-19d580efd059', 4.0, 'Teilgenommen');
INSERT INTO attendance_records (session_id, student_id, attended_lessons, status) VALUES ('175169bb-ce54-4114-ae45-343de06ef5f8', '9e0bb25e-a6f4-4469-a732-caadc47c1b68', 4.0, 'Teilgenommen');
INSERT INTO attendance_records (session_id, student_id, attended_lessons, status) VALUES ('175169bb-ce54-4114-ae45-343de06ef5f8', '36e334ee-a466-4c65-9b34-de3da668faf2', 4.0, 'Teilgenommen');
INSERT INTO attendance_records (session_id, student_id, attended_lessons, status) VALUES ('175169bb-ce54-4114-ae45-343de06ef5f8', '3a4d3cdb-3f0a-4638-8407-32c9a58b062d', 4.0, 'Teilgenommen');
INSERT INTO attendance_records (session_id, student_id, attended_lessons, status) VALUES ('175169bb-ce54-4114-ae45-343de06ef5f8', '10522cbe-5e94-475a-bb0a-df270feca156', 4.0, 'Teilgenommen');
INSERT INTO attendance_records (session_id, student_id, attended_lessons, status) VALUES ('175169bb-ce54-4114-ae45-343de06ef5f8', 'e199b01b-1912-4eec-bf38-9e98670e1b05', 4.0, 'Teilgenommen');
INSERT INTO attendance_records (session_id, student_id, attended_lessons, status) VALUES ('175169bb-ce54-4114-ae45-343de06ef5f8', 'c6e75092-b218-4583-8523-658ec68e939d', 4.0, 'Teilgenommen');
INSERT INTO attendance_records (session_id, student_id, attended_lessons, status) VALUES ('175169bb-ce54-4114-ae45-343de06ef5f8', 'dcb37d2c-df75-492b-a78e-5806e07d19ac', 4.0, 'Teilgenommen');
INSERT INTO attendance_records (session_id, student_id, attended_lessons, status) VALUES ('175169bb-ce54-4114-ae45-343de06ef5f8', '37595fde-d8f5-4d68-b9c0-6c93f9c65844', 4.0, 'Teilgenommen');
INSERT INTO attendance_records (session_id, student_id, attended_lessons, status) VALUES ('175169bb-ce54-4114-ae45-343de06ef5f8', '409fcb5c-0736-4f19-9a3c-87971f4e60cc', 4.0, 'Teilgenommen');
INSERT INTO attendance_records (session_id, student_id, attended_lessons, status) VALUES ('175169bb-ce54-4114-ae45-343de06ef5f8', '9210b1dc-fa77-485c-b180-e40671b4f186', 4.0, 'Teilgenommen');
INSERT INTO attendance_records (session_id, student_id, attended_lessons, status) VALUES ('175169bb-ce54-4114-ae45-343de06ef5f8', '1e52bc40-587f-4788-b2ed-3cee0d47180a', 4.0, 'Teilgenommen');
INSERT INTO attendance_records (session_id, student_id, attended_lessons, status) VALUES ('175169bb-ce54-4114-ae45-343de06ef5f8', 'c187e386-80b1-48ac-8c01-7b56db2c527c', 4.0, 'Teilgenommen');
INSERT INTO attendance_records (session_id, student_id, attended_lessons, status) VALUES ('175169bb-ce54-4114-ae45-343de06ef5f8', '310ce815-81cd-4d83-b871-5e077f427346', 4.0, 'Teilgenommen');
INSERT INTO attendance_records (session_id, student_id, attended_lessons, status) VALUES ('175169bb-ce54-4114-ae45-343de06ef5f8', '032a8c24-3d1e-4713-949c-84a87709cb7e', 4.0, 'Teilgenommen');
INSERT INTO attendance_records (session_id, student_id, attended_lessons, status) VALUES ('175169bb-ce54-4114-ae45-343de06ef5f8', '4c12124b-69b6-4822-bcaa-87b86d8b268c', 4.0, 'Teilgenommen');
INSERT INTO class_sessions (id, class_id, session_date, required_lessons) VALUES ('a6896f20-9620-4efb-976a-049067277370', '76dd92bd-c811-4011-a81e-45cc1ca9744b', '2026-05-06 08:00:00+02', 4.0);
INSERT INTO attendance_records (session_id, student_id, attended_lessons, status) VALUES ('a6896f20-9620-4efb-976a-049067277370', 'a349690e-77ee-47eb-8ce6-923cc4e858cd', 4.0, 'Teilgenommen');
INSERT INTO attendance_records (session_id, student_id, attended_lessons, status) VALUES ('a6896f20-9620-4efb-976a-049067277370', 'be173051-fa05-4349-a61c-2600f221c72f', 4.0, 'Teilgenommen');
INSERT INTO attendance_records (session_id, student_id, attended_lessons, status) VALUES ('a6896f20-9620-4efb-976a-049067277370', 'b10dd8f2-c524-4e72-8bb7-f5cac0a97c16', 4.0, 'Teilgenommen');
INSERT INTO attendance_records (session_id, student_id, attended_lessons, status) VALUES ('a6896f20-9620-4efb-976a-049067277370', '1ffa9063-c8cc-44eb-aff4-2b0e6b9e2e68', 4.0, 'Teilgenommen');
INSERT INTO attendance_records (session_id, student_id, attended_lessons, status) VALUES ('a6896f20-9620-4efb-976a-049067277370', '78be6cb0-bf17-476f-9bb0-fc31287146c3', 4.0, 'Teilgenommen');
INSERT INTO attendance_records (session_id, student_id, attended_lessons, status) VALUES ('a6896f20-9620-4efb-976a-049067277370', 'b4bbe393-d64b-4a23-a5a9-ff6132fca992', 4.0, 'Teilgenommen');
INSERT INTO attendance_records (session_id, student_id, attended_lessons, status) VALUES ('a6896f20-9620-4efb-976a-049067277370', '25389329-427a-49e9-b7ef-c9dc290b1e71', 4.0, 'Teilgenommen');
INSERT INTO attendance_records (session_id, student_id, attended_lessons, status) VALUES ('a6896f20-9620-4efb-976a-049067277370', '3844f16a-2750-4054-b310-5f96c60da84f', 4.0, 'Teilgenommen');
INSERT INTO attendance_records (session_id, student_id, attended_lessons, status) VALUES ('a6896f20-9620-4efb-976a-049067277370', 'd1ccc585-6cf7-4e52-83f3-1683f631786b', 4.0, 'Teilgenommen');
INSERT INTO attendance_records (session_id, student_id, attended_lessons, status) VALUES ('a6896f20-9620-4efb-976a-049067277370', 'e399d43a-f2f0-4569-bc29-c1c450adfc02', 4.0, 'Teilgenommen');
INSERT INTO attendance_records (session_id, student_id, attended_lessons, status) VALUES ('a6896f20-9620-4efb-976a-049067277370', '8dcec305-b245-457d-91b4-8c66c3efcb12', 4.0, 'Teilgenommen');
INSERT INTO attendance_records (session_id, student_id, attended_lessons, status) VALUES ('a6896f20-9620-4efb-976a-049067277370', '732ddb4f-c15f-42ed-a05e-b5136d78adcb', 4.0, 'Teilgenommen');
INSERT INTO attendance_records (session_id, student_id, attended_lessons, status) VALUES ('a6896f20-9620-4efb-976a-049067277370', 'd237fdb5-11f4-4c16-bc5d-11d359bac105', 4.0, 'Teilgenommen');
INSERT INTO attendance_records (session_id, student_id, attended_lessons, status) VALUES ('a6896f20-9620-4efb-976a-049067277370', 'fb11fb2d-d254-49de-b450-97afe7af33e7', 4.0, 'Teilgenommen');
INSERT INTO attendance_records (session_id, student_id, attended_lessons, status) VALUES ('a6896f20-9620-4efb-976a-049067277370', '9e4547b0-5b88-430b-b60b-19d580efd059', 4.0, 'Teilgenommen');
INSERT INTO attendance_records (session_id, student_id, attended_lessons, status) VALUES ('a6896f20-9620-4efb-976a-049067277370', '9e0bb25e-a6f4-4469-a732-caadc47c1b68', 4.0, 'Teilgenommen');
INSERT INTO attendance_records (session_id, student_id, attended_lessons, status) VALUES ('a6896f20-9620-4efb-976a-049067277370', '36e334ee-a466-4c65-9b34-de3da668faf2', 4.0, 'Teilgenommen');
INSERT INTO attendance_records (session_id, student_id, attended_lessons, status) VALUES ('a6896f20-9620-4efb-976a-049067277370', '3a4d3cdb-3f0a-4638-8407-32c9a58b062d', 4.0, 'Teilgenommen');
INSERT INTO attendance_records (session_id, student_id, attended_lessons, status) VALUES ('a6896f20-9620-4efb-976a-049067277370', '10522cbe-5e94-475a-bb0a-df270feca156', 4.0, 'Teilgenommen');
INSERT INTO attendance_records (session_id, student_id, attended_lessons, status) VALUES ('a6896f20-9620-4efb-976a-049067277370', 'e199b01b-1912-4eec-bf38-9e98670e1b05', 4.0, 'Teilgenommen');
INSERT INTO attendance_records (session_id, student_id, attended_lessons, status) VALUES ('a6896f20-9620-4efb-976a-049067277370', 'c6e75092-b218-4583-8523-658ec68e939d', 4.0, 'Teilgenommen');
INSERT INTO attendance_records (session_id, student_id, attended_lessons, status) VALUES ('a6896f20-9620-4efb-976a-049067277370', 'dcb37d2c-df75-492b-a78e-5806e07d19ac', 4.0, 'Teilgenommen');
INSERT INTO attendance_records (session_id, student_id, attended_lessons, status) VALUES ('a6896f20-9620-4efb-976a-049067277370', '37595fde-d8f5-4d68-b9c0-6c93f9c65844', 4.0, 'Teilgenommen');
INSERT INTO attendance_records (session_id, student_id, attended_lessons, status) VALUES ('a6896f20-9620-4efb-976a-049067277370', '409fcb5c-0736-4f19-9a3c-87971f4e60cc', 4.0, 'Teilgenommen');
INSERT INTO attendance_records (session_id, student_id, attended_lessons, status) VALUES ('a6896f20-9620-4efb-976a-049067277370', '9210b1dc-fa77-485c-b180-e40671b4f186', 4.0, 'Teilgenommen');
INSERT INTO attendance_records (session_id, student_id, attended_lessons, status) VALUES ('a6896f20-9620-4efb-976a-049067277370', '1e52bc40-587f-4788-b2ed-3cee0d47180a', 4.0, 'Teilgenommen');
INSERT INTO attendance_records (session_id, student_id, attended_lessons, status) VALUES ('a6896f20-9620-4efb-976a-049067277370', 'c187e386-80b1-48ac-8c01-7b56db2c527c', 4.0, 'Teilgenommen');
INSERT INTO attendance_records (session_id, student_id, attended_lessons, status) VALUES ('a6896f20-9620-4efb-976a-049067277370', '310ce815-81cd-4d83-b871-5e077f427346', 4.0, 'Teilgenommen');
INSERT INTO attendance_records (session_id, student_id, attended_lessons, status) VALUES ('a6896f20-9620-4efb-976a-049067277370', '032a8c24-3d1e-4713-949c-84a87709cb7e', 4.0, 'Teilgenommen');
INSERT INTO attendance_records (session_id, student_id, attended_lessons, status) VALUES ('a6896f20-9620-4efb-976a-049067277370', '4c12124b-69b6-4822-bcaa-87b86d8b268c', 4.0, 'Teilgenommen');
INSERT INTO class_sessions (id, class_id, session_date, required_lessons) VALUES ('b0bb35c8-baa9-4464-8c31-963c2d0f4373', '76dd92bd-c811-4011-a81e-45cc1ca9744b', '2026-05-07 08:00:00+02', 4.0);
INSERT INTO attendance_records (session_id, student_id, attended_lessons, status) VALUES ('b0bb35c8-baa9-4464-8c31-963c2d0f4373', 'a349690e-77ee-47eb-8ce6-923cc4e858cd', 4.0, 'Teilgenommen');
INSERT INTO attendance_records (session_id, student_id, attended_lessons, status) VALUES ('b0bb35c8-baa9-4464-8c31-963c2d0f4373', 'be173051-fa05-4349-a61c-2600f221c72f', 4.0, 'Teilgenommen');
INSERT INTO attendance_records (session_id, student_id, attended_lessons, status) VALUES ('b0bb35c8-baa9-4464-8c31-963c2d0f4373', 'b10dd8f2-c524-4e72-8bb7-f5cac0a97c16', 4.0, 'Teilgenommen');
INSERT INTO attendance_records (session_id, student_id, attended_lessons, status) VALUES ('b0bb35c8-baa9-4464-8c31-963c2d0f4373', '1ffa9063-c8cc-44eb-aff4-2b0e6b9e2e68', 4.0, 'Teilgenommen');
INSERT INTO attendance_records (session_id, student_id, attended_lessons, status) VALUES ('b0bb35c8-baa9-4464-8c31-963c2d0f4373', '78be6cb0-bf17-476f-9bb0-fc31287146c3', 4.0, 'Teilgenommen');
INSERT INTO attendance_records (session_id, student_id, attended_lessons, status) VALUES ('b0bb35c8-baa9-4464-8c31-963c2d0f4373', 'b4bbe393-d64b-4a23-a5a9-ff6132fca992', 4.0, 'Teilgenommen');
INSERT INTO attendance_records (session_id, student_id, attended_lessons, status) VALUES ('b0bb35c8-baa9-4464-8c31-963c2d0f4373', '25389329-427a-49e9-b7ef-c9dc290b1e71', 4.0, 'Teilgenommen');
INSERT INTO attendance_records (session_id, student_id, attended_lessons, status) VALUES ('b0bb35c8-baa9-4464-8c31-963c2d0f4373', '3844f16a-2750-4054-b310-5f96c60da84f', 4.0, 'Teilgenommen');
INSERT INTO attendance_records (session_id, student_id, attended_lessons, status) VALUES ('b0bb35c8-baa9-4464-8c31-963c2d0f4373', 'd1ccc585-6cf7-4e52-83f3-1683f631786b', 4.0, 'Teilgenommen');
INSERT INTO attendance_records (session_id, student_id, attended_lessons, status) VALUES ('b0bb35c8-baa9-4464-8c31-963c2d0f4373', 'e399d43a-f2f0-4569-bc29-c1c450adfc02', 4.0, 'Teilgenommen');
INSERT INTO attendance_records (session_id, student_id, attended_lessons, status) VALUES ('b0bb35c8-baa9-4464-8c31-963c2d0f4373', '8dcec305-b245-457d-91b4-8c66c3efcb12', 4.0, 'Teilgenommen');
INSERT INTO attendance_records (session_id, student_id, attended_lessons, status) VALUES ('b0bb35c8-baa9-4464-8c31-963c2d0f4373', '732ddb4f-c15f-42ed-a05e-b5136d78adcb', 4.0, 'Teilgenommen');
INSERT INTO attendance_records (session_id, student_id, attended_lessons, status) VALUES ('b0bb35c8-baa9-4464-8c31-963c2d0f4373', 'd237fdb5-11f4-4c16-bc5d-11d359bac105', 4.0, 'Teilgenommen');
INSERT INTO attendance_records (session_id, student_id, attended_lessons, status) VALUES ('b0bb35c8-baa9-4464-8c31-963c2d0f4373', 'fb11fb2d-d254-49de-b450-97afe7af33e7', 4.0, 'Teilgenommen');
INSERT INTO attendance_records (session_id, student_id, attended_lessons, status) VALUES ('b0bb35c8-baa9-4464-8c31-963c2d0f4373', '9e4547b0-5b88-430b-b60b-19d580efd059', 4.0, 'Teilgenommen');
INSERT INTO attendance_records (session_id, student_id, attended_lessons, status) VALUES ('b0bb35c8-baa9-4464-8c31-963c2d0f4373', '9e0bb25e-a6f4-4469-a732-caadc47c1b68', 4.0, 'Teilgenommen');
INSERT INTO attendance_records (session_id, student_id, attended_lessons, status) VALUES ('b0bb35c8-baa9-4464-8c31-963c2d0f4373', '36e334ee-a466-4c65-9b34-de3da668faf2', 4.0, 'Teilgenommen');
INSERT INTO attendance_records (session_id, student_id, attended_lessons, status) VALUES ('b0bb35c8-baa9-4464-8c31-963c2d0f4373', '3a4d3cdb-3f0a-4638-8407-32c9a58b062d', 4.0, 'Teilgenommen');
INSERT INTO attendance_records (session_id, student_id, attended_lessons, status) VALUES ('b0bb35c8-baa9-4464-8c31-963c2d0f4373', '10522cbe-5e94-475a-bb0a-df270feca156', 4.0, 'Teilgenommen');
INSERT INTO attendance_records (session_id, student_id, attended_lessons, status) VALUES ('b0bb35c8-baa9-4464-8c31-963c2d0f4373', 'e199b01b-1912-4eec-bf38-9e98670e1b05', 4.0, 'Teilgenommen');
INSERT INTO attendance_records (session_id, student_id, attended_lessons, status) VALUES ('b0bb35c8-baa9-4464-8c31-963c2d0f4373', 'c6e75092-b218-4583-8523-658ec68e939d', 4.0, 'Teilgenommen');
INSERT INTO attendance_records (session_id, student_id, attended_lessons, status) VALUES ('b0bb35c8-baa9-4464-8c31-963c2d0f4373', 'dcb37d2c-df75-492b-a78e-5806e07d19ac', 4.0, 'Teilgenommen');
INSERT INTO attendance_records (session_id, student_id, attended_lessons, status) VALUES ('b0bb35c8-baa9-4464-8c31-963c2d0f4373', '37595fde-d8f5-4d68-b9c0-6c93f9c65844', 4.0, 'Teilgenommen');
INSERT INTO attendance_records (session_id, student_id, attended_lessons, status) VALUES ('b0bb35c8-baa9-4464-8c31-963c2d0f4373', '409fcb5c-0736-4f19-9a3c-87971f4e60cc', 4.0, 'Teilgenommen');
INSERT INTO attendance_records (session_id, student_id, attended_lessons, status) VALUES ('b0bb35c8-baa9-4464-8c31-963c2d0f4373', '9210b1dc-fa77-485c-b180-e40671b4f186', 4.0, 'Teilgenommen');
INSERT INTO attendance_records (session_id, student_id, attended_lessons, status) VALUES ('b0bb35c8-baa9-4464-8c31-963c2d0f4373', '1e52bc40-587f-4788-b2ed-3cee0d47180a', 4.0, 'Teilgenommen');
INSERT INTO attendance_records (session_id, student_id, attended_lessons, status) VALUES ('b0bb35c8-baa9-4464-8c31-963c2d0f4373', 'c187e386-80b1-48ac-8c01-7b56db2c527c', 4.0, 'Teilgenommen');
INSERT INTO attendance_records (session_id, student_id, attended_lessons, status) VALUES ('b0bb35c8-baa9-4464-8c31-963c2d0f4373', '310ce815-81cd-4d83-b871-5e077f427346', 4.0, 'Teilgenommen');
INSERT INTO attendance_records (session_id, student_id, attended_lessons, status) VALUES ('b0bb35c8-baa9-4464-8c31-963c2d0f4373', '032a8c24-3d1e-4713-949c-84a87709cb7e', 4.0, 'Teilgenommen');
INSERT INTO attendance_records (session_id, student_id, attended_lessons, status) VALUES ('b0bb35c8-baa9-4464-8c31-963c2d0f4373', '4c12124b-69b6-4822-bcaa-87b86d8b268c', 4.0, 'Teilgenommen');
INSERT INTO class_sessions (id, class_id, session_date, required_lessons) VALUES ('2e04960c-1bcc-48c4-b896-dfdc47db794e', '76dd92bd-c811-4011-a81e-45cc1ca9744b', '2026-05-08 08:00:00+02', 4.0);
INSERT INTO attendance_records (session_id, student_id, attended_lessons, status) VALUES ('2e04960c-1bcc-48c4-b896-dfdc47db794e', 'a349690e-77ee-47eb-8ce6-923cc4e858cd', 4.0, 'Teilgenommen');
INSERT INTO attendance_records (session_id, student_id, attended_lessons, status) VALUES ('2e04960c-1bcc-48c4-b896-dfdc47db794e', 'be173051-fa05-4349-a61c-2600f221c72f', 4.0, 'Teilgenommen');
INSERT INTO attendance_records (session_id, student_id, attended_lessons, status) VALUES ('2e04960c-1bcc-48c4-b896-dfdc47db794e', 'b10dd8f2-c524-4e72-8bb7-f5cac0a97c16', 4.0, 'Teilgenommen');
INSERT INTO attendance_records (session_id, student_id, attended_lessons, status) VALUES ('2e04960c-1bcc-48c4-b896-dfdc47db794e', '1ffa9063-c8cc-44eb-aff4-2b0e6b9e2e68', 4.0, 'Teilgenommen');
INSERT INTO attendance_records (session_id, student_id, attended_lessons, status) VALUES ('2e04960c-1bcc-48c4-b896-dfdc47db794e', '78be6cb0-bf17-476f-9bb0-fc31287146c3', 4.0, 'Teilgenommen');
INSERT INTO attendance_records (session_id, student_id, attended_lessons, status) VALUES ('2e04960c-1bcc-48c4-b896-dfdc47db794e', 'b4bbe393-d64b-4a23-a5a9-ff6132fca992', 4.0, 'Teilgenommen');
INSERT INTO attendance_records (session_id, student_id, attended_lessons, status) VALUES ('2e04960c-1bcc-48c4-b896-dfdc47db794e', '25389329-427a-49e9-b7ef-c9dc290b1e71', 4.0, 'Teilgenommen');
INSERT INTO attendance_records (session_id, student_id, attended_lessons, status) VALUES ('2e04960c-1bcc-48c4-b896-dfdc47db794e', '3844f16a-2750-4054-b310-5f96c60da84f', 4.0, 'Teilgenommen');
INSERT INTO attendance_records (session_id, student_id, attended_lessons, status) VALUES ('2e04960c-1bcc-48c4-b896-dfdc47db794e', 'd1ccc585-6cf7-4e52-83f3-1683f631786b', 4.0, 'Teilgenommen');
INSERT INTO attendance_records (session_id, student_id, attended_lessons, status) VALUES ('2e04960c-1bcc-48c4-b896-dfdc47db794e', 'e399d43a-f2f0-4569-bc29-c1c450adfc02', 4.0, 'Teilgenommen');
INSERT INTO attendance_records (session_id, student_id, attended_lessons, status) VALUES ('2e04960c-1bcc-48c4-b896-dfdc47db794e', '8dcec305-b245-457d-91b4-8c66c3efcb12', 4.0, 'Teilgenommen');
INSERT INTO attendance_records (session_id, student_id, attended_lessons, status) VALUES ('2e04960c-1bcc-48c4-b896-dfdc47db794e', '732ddb4f-c15f-42ed-a05e-b5136d78adcb', 4.0, 'Teilgenommen');
INSERT INTO attendance_records (session_id, student_id, attended_lessons, status) VALUES ('2e04960c-1bcc-48c4-b896-dfdc47db794e', 'd237fdb5-11f4-4c16-bc5d-11d359bac105', 4.0, 'Teilgenommen');
INSERT INTO attendance_records (session_id, student_id, attended_lessons, status) VALUES ('2e04960c-1bcc-48c4-b896-dfdc47db794e', 'fb11fb2d-d254-49de-b450-97afe7af33e7', 4.0, 'Teilgenommen');
INSERT INTO attendance_records (session_id, student_id, attended_lessons, status) VALUES ('2e04960c-1bcc-48c4-b896-dfdc47db794e', '9e4547b0-5b88-430b-b60b-19d580efd059', 4.0, 'Teilgenommen');
INSERT INTO attendance_records (session_id, student_id, attended_lessons, status) VALUES ('2e04960c-1bcc-48c4-b896-dfdc47db794e', '9e0bb25e-a6f4-4469-a732-caadc47c1b68', 4.0, 'Teilgenommen');
INSERT INTO attendance_records (session_id, student_id, attended_lessons, status) VALUES ('2e04960c-1bcc-48c4-b896-dfdc47db794e', '36e334ee-a466-4c65-9b34-de3da668faf2', 4.0, 'Teilgenommen');
INSERT INTO attendance_records (session_id, student_id, attended_lessons, status) VALUES ('2e04960c-1bcc-48c4-b896-dfdc47db794e', '3a4d3cdb-3f0a-4638-8407-32c9a58b062d', 4.0, 'Teilgenommen');
INSERT INTO attendance_records (session_id, student_id, attended_lessons, status) VALUES ('2e04960c-1bcc-48c4-b896-dfdc47db794e', '10522cbe-5e94-475a-bb0a-df270feca156', 4.0, 'Teilgenommen');
INSERT INTO attendance_records (session_id, student_id, attended_lessons, status) VALUES ('2e04960c-1bcc-48c4-b896-dfdc47db794e', 'e199b01b-1912-4eec-bf38-9e98670e1b05', 4.0, 'Teilgenommen');
INSERT INTO attendance_records (session_id, student_id, attended_lessons, status) VALUES ('2e04960c-1bcc-48c4-b896-dfdc47db794e', 'c6e75092-b218-4583-8523-658ec68e939d', 4.0, 'Teilgenommen');
INSERT INTO attendance_records (session_id, student_id, attended_lessons, status) VALUES ('2e04960c-1bcc-48c4-b896-dfdc47db794e', 'dcb37d2c-df75-492b-a78e-5806e07d19ac', 4.0, 'Teilgenommen');
INSERT INTO attendance_records (session_id, student_id, attended_lessons, status) VALUES ('2e04960c-1bcc-48c4-b896-dfdc47db794e', '37595fde-d8f5-4d68-b9c0-6c93f9c65844', 4.0, 'Teilgenommen');
INSERT INTO attendance_records (session_id, student_id, attended_lessons, status) VALUES ('2e04960c-1bcc-48c4-b896-dfdc47db794e', '409fcb5c-0736-4f19-9a3c-87971f4e60cc', 4.0, 'Teilgenommen');
INSERT INTO attendance_records (session_id, student_id, attended_lessons, status) VALUES ('2e04960c-1bcc-48c4-b896-dfdc47db794e', '9210b1dc-fa77-485c-b180-e40671b4f186', 4.0, 'Teilgenommen');
INSERT INTO attendance_records (session_id, student_id, attended_lessons, status) VALUES ('2e04960c-1bcc-48c4-b896-dfdc47db794e', '1e52bc40-587f-4788-b2ed-3cee0d47180a', 4.0, 'Teilgenommen');
INSERT INTO attendance_records (session_id, student_id, attended_lessons, status) VALUES ('2e04960c-1bcc-48c4-b896-dfdc47db794e', 'c187e386-80b1-48ac-8c01-7b56db2c527c', 4.0, 'Teilgenommen');
INSERT INTO attendance_records (session_id, student_id, attended_lessons, status) VALUES ('2e04960c-1bcc-48c4-b896-dfdc47db794e', '310ce815-81cd-4d83-b871-5e077f427346', 4.0, 'Teilgenommen');
INSERT INTO attendance_records (session_id, student_id, attended_lessons, status) VALUES ('2e04960c-1bcc-48c4-b896-dfdc47db794e', '032a8c24-3d1e-4713-949c-84a87709cb7e', 4.0, 'Teilgenommen');
INSERT INTO attendance_records (session_id, student_id, attended_lessons, status) VALUES ('2e04960c-1bcc-48c4-b896-dfdc47db794e', '4c12124b-69b6-4822-bcaa-87b86d8b268c', 4.0, 'Teilgenommen');
INSERT INTO class_sessions (id, class_id, session_date, required_lessons) VALUES ('425dd126-7dc6-46b0-9a24-6396e99b4966', '76dd92bd-c811-4011-a81e-45cc1ca9744b', '2026-05-09 08:00:00+02', 4.0);
INSERT INTO attendance_records (session_id, student_id, attended_lessons, status) VALUES ('425dd126-7dc6-46b0-9a24-6396e99b4966', 'a349690e-77ee-47eb-8ce6-923cc4e858cd', 4.0, 'Teilgenommen');
INSERT INTO attendance_records (session_id, student_id, attended_lessons, status) VALUES ('425dd126-7dc6-46b0-9a24-6396e99b4966', 'be173051-fa05-4349-a61c-2600f221c72f', 4.0, 'Teilgenommen');
INSERT INTO attendance_records (session_id, student_id, attended_lessons, status) VALUES ('425dd126-7dc6-46b0-9a24-6396e99b4966', 'b10dd8f2-c524-4e72-8bb7-f5cac0a97c16', 4.0, 'Teilgenommen');
INSERT INTO attendance_records (session_id, student_id, attended_lessons, status) VALUES ('425dd126-7dc6-46b0-9a24-6396e99b4966', '1ffa9063-c8cc-44eb-aff4-2b0e6b9e2e68', 4.0, 'Teilgenommen');
INSERT INTO attendance_records (session_id, student_id, attended_lessons, status) VALUES ('425dd126-7dc6-46b0-9a24-6396e99b4966', '78be6cb0-bf17-476f-9bb0-fc31287146c3', 4.0, 'Teilgenommen');
INSERT INTO attendance_records (session_id, student_id, attended_lessons, status) VALUES ('425dd126-7dc6-46b0-9a24-6396e99b4966', 'b4bbe393-d64b-4a23-a5a9-ff6132fca992', 4.0, 'Teilgenommen');
INSERT INTO attendance_records (session_id, student_id, attended_lessons, status) VALUES ('425dd126-7dc6-46b0-9a24-6396e99b4966', '25389329-427a-49e9-b7ef-c9dc290b1e71', 4.0, 'Teilgenommen');
INSERT INTO attendance_records (session_id, student_id, attended_lessons, status) VALUES ('425dd126-7dc6-46b0-9a24-6396e99b4966', '3844f16a-2750-4054-b310-5f96c60da84f', 4.0, 'Teilgenommen');
INSERT INTO attendance_records (session_id, student_id, attended_lessons, status) VALUES ('425dd126-7dc6-46b0-9a24-6396e99b4966', 'd1ccc585-6cf7-4e52-83f3-1683f631786b', 4.0, 'Teilgenommen');
INSERT INTO attendance_records (session_id, student_id, attended_lessons, status) VALUES ('425dd126-7dc6-46b0-9a24-6396e99b4966', 'e399d43a-f2f0-4569-bc29-c1c450adfc02', 4.0, 'Teilgenommen');
INSERT INTO attendance_records (session_id, student_id, attended_lessons, status) VALUES ('425dd126-7dc6-46b0-9a24-6396e99b4966', '8dcec305-b245-457d-91b4-8c66c3efcb12', 4.0, 'Teilgenommen');
INSERT INTO attendance_records (session_id, student_id, attended_lessons, status) VALUES ('425dd126-7dc6-46b0-9a24-6396e99b4966', '732ddb4f-c15f-42ed-a05e-b5136d78adcb', 4.0, 'Teilgenommen');
INSERT INTO attendance_records (session_id, student_id, attended_lessons, status) VALUES ('425dd126-7dc6-46b0-9a24-6396e99b4966', 'd237fdb5-11f4-4c16-bc5d-11d359bac105', 4.0, 'Teilgenommen');
INSERT INTO attendance_records (session_id, student_id, attended_lessons, status) VALUES ('425dd126-7dc6-46b0-9a24-6396e99b4966', 'fb11fb2d-d254-49de-b450-97afe7af33e7', 4.0, 'Teilgenommen');
INSERT INTO attendance_records (session_id, student_id, attended_lessons, status) VALUES ('425dd126-7dc6-46b0-9a24-6396e99b4966', '9e4547b0-5b88-430b-b60b-19d580efd059', 4.0, 'Teilgenommen');
INSERT INTO attendance_records (session_id, student_id, attended_lessons, status) VALUES ('425dd126-7dc6-46b0-9a24-6396e99b4966', '9e0bb25e-a6f4-4469-a732-caadc47c1b68', 4.0, 'Teilgenommen');
INSERT INTO attendance_records (session_id, student_id, attended_lessons, status) VALUES ('425dd126-7dc6-46b0-9a24-6396e99b4966', '36e334ee-a466-4c65-9b34-de3da668faf2', 4.0, 'Teilgenommen');
INSERT INTO attendance_records (session_id, student_id, attended_lessons, status) VALUES ('425dd126-7dc6-46b0-9a24-6396e99b4966', '3a4d3cdb-3f0a-4638-8407-32c9a58b062d', 4.0, 'Teilgenommen');
INSERT INTO attendance_records (session_id, student_id, attended_lessons, status) VALUES ('425dd126-7dc6-46b0-9a24-6396e99b4966', '10522cbe-5e94-475a-bb0a-df270feca156', 4.0, 'Teilgenommen');
INSERT INTO attendance_records (session_id, student_id, attended_lessons, status) VALUES ('425dd126-7dc6-46b0-9a24-6396e99b4966', 'e199b01b-1912-4eec-bf38-9e98670e1b05', 4.0, 'Teilgenommen');
INSERT INTO attendance_records (session_id, student_id, attended_lessons, status) VALUES ('425dd126-7dc6-46b0-9a24-6396e99b4966', 'c6e75092-b218-4583-8523-658ec68e939d', 4.0, 'Teilgenommen');
INSERT INTO attendance_records (session_id, student_id, attended_lessons, status) VALUES ('425dd126-7dc6-46b0-9a24-6396e99b4966', 'dcb37d2c-df75-492b-a78e-5806e07d19ac', 4.0, 'Teilgenommen');
INSERT INTO attendance_records (session_id, student_id, attended_lessons, status) VALUES ('425dd126-7dc6-46b0-9a24-6396e99b4966', '37595fde-d8f5-4d68-b9c0-6c93f9c65844', 4.0, 'Teilgenommen');
INSERT INTO attendance_records (session_id, student_id, attended_lessons, status) VALUES ('425dd126-7dc6-46b0-9a24-6396e99b4966', '409fcb5c-0736-4f19-9a3c-87971f4e60cc', 4.0, 'Teilgenommen');
INSERT INTO attendance_records (session_id, student_id, attended_lessons, status) VALUES ('425dd126-7dc6-46b0-9a24-6396e99b4966', '9210b1dc-fa77-485c-b180-e40671b4f186', 4.0, 'Teilgenommen');
INSERT INTO attendance_records (session_id, student_id, attended_lessons, status) VALUES ('425dd126-7dc6-46b0-9a24-6396e99b4966', '1e52bc40-587f-4788-b2ed-3cee0d47180a', 4.0, 'Teilgenommen');
INSERT INTO attendance_records (session_id, student_id, attended_lessons, status) VALUES ('425dd126-7dc6-46b0-9a24-6396e99b4966', 'c187e386-80b1-48ac-8c01-7b56db2c527c', 4.0, 'Teilgenommen');
INSERT INTO attendance_records (session_id, student_id, attended_lessons, status) VALUES ('425dd126-7dc6-46b0-9a24-6396e99b4966', '310ce815-81cd-4d83-b871-5e077f427346', 4.0, 'Teilgenommen');
INSERT INTO attendance_records (session_id, student_id, attended_lessons, status) VALUES ('425dd126-7dc6-46b0-9a24-6396e99b4966', '032a8c24-3d1e-4713-949c-84a87709cb7e', 4.0, 'Teilgenommen');
INSERT INTO attendance_records (session_id, student_id, attended_lessons, status) VALUES ('425dd126-7dc6-46b0-9a24-6396e99b4966', '4c12124b-69b6-4822-bcaa-87b86d8b268c', 4.0, 'Teilgenommen');
INSERT INTO class_sessions (id, class_id, session_date, required_lessons) VALUES ('43408c1c-6d62-48fc-a4c1-41d1523591e5', '76dd92bd-c811-4011-a81e-45cc1ca9744b', '2026-05-10 08:00:00+02', 4.0);
INSERT INTO attendance_records (session_id, student_id, attended_lessons, status) VALUES ('43408c1c-6d62-48fc-a4c1-41d1523591e5', 'a349690e-77ee-47eb-8ce6-923cc4e858cd', 4.0, 'Teilgenommen');
INSERT INTO attendance_records (session_id, student_id, attended_lessons, status) VALUES ('43408c1c-6d62-48fc-a4c1-41d1523591e5', 'be173051-fa05-4349-a61c-2600f221c72f', 4.0, 'Teilgenommen');
INSERT INTO attendance_records (session_id, student_id, attended_lessons, status) VALUES ('43408c1c-6d62-48fc-a4c1-41d1523591e5', 'b10dd8f2-c524-4e72-8bb7-f5cac0a97c16', 4.0, 'Teilgenommen');
INSERT INTO attendance_records (session_id, student_id, attended_lessons, status) VALUES ('43408c1c-6d62-48fc-a4c1-41d1523591e5', '1ffa9063-c8cc-44eb-aff4-2b0e6b9e2e68', 4.0, 'Teilgenommen');
INSERT INTO attendance_records (session_id, student_id, attended_lessons, status) VALUES ('43408c1c-6d62-48fc-a4c1-41d1523591e5', '78be6cb0-bf17-476f-9bb0-fc31287146c3', 4.0, 'Teilgenommen');
INSERT INTO attendance_records (session_id, student_id, attended_lessons, status) VALUES ('43408c1c-6d62-48fc-a4c1-41d1523591e5', 'b4bbe393-d64b-4a23-a5a9-ff6132fca992', 4.0, 'Teilgenommen');
INSERT INTO attendance_records (session_id, student_id, attended_lessons, status) VALUES ('43408c1c-6d62-48fc-a4c1-41d1523591e5', '25389329-427a-49e9-b7ef-c9dc290b1e71', 4.0, 'Teilgenommen');
INSERT INTO attendance_records (session_id, student_id, attended_lessons, status) VALUES ('43408c1c-6d62-48fc-a4c1-41d1523591e5', '3844f16a-2750-4054-b310-5f96c60da84f', 4.0, 'Teilgenommen');
INSERT INTO attendance_records (session_id, student_id, attended_lessons, status) VALUES ('43408c1c-6d62-48fc-a4c1-41d1523591e5', 'd1ccc585-6cf7-4e52-83f3-1683f631786b', 4.0, 'Teilgenommen');
INSERT INTO attendance_records (session_id, student_id, attended_lessons, status) VALUES ('43408c1c-6d62-48fc-a4c1-41d1523591e5', 'e399d43a-f2f0-4569-bc29-c1c450adfc02', 4.0, 'Teilgenommen');
INSERT INTO attendance_records (session_id, student_id, attended_lessons, status) VALUES ('43408c1c-6d62-48fc-a4c1-41d1523591e5', '8dcec305-b245-457d-91b4-8c66c3efcb12', 4.0, 'Teilgenommen');
INSERT INTO attendance_records (session_id, student_id, attended_lessons, status) VALUES ('43408c1c-6d62-48fc-a4c1-41d1523591e5', '732ddb4f-c15f-42ed-a05e-b5136d78adcb', 4.0, 'Teilgenommen');
INSERT INTO attendance_records (session_id, student_id, attended_lessons, status) VALUES ('43408c1c-6d62-48fc-a4c1-41d1523591e5', 'd237fdb5-11f4-4c16-bc5d-11d359bac105', 4.0, 'Teilgenommen');
INSERT INTO attendance_records (session_id, student_id, attended_lessons, status) VALUES ('43408c1c-6d62-48fc-a4c1-41d1523591e5', 'fb11fb2d-d254-49de-b450-97afe7af33e7', 4.0, 'Teilgenommen');
INSERT INTO attendance_records (session_id, student_id, attended_lessons, status) VALUES ('43408c1c-6d62-48fc-a4c1-41d1523591e5', '9e4547b0-5b88-430b-b60b-19d580efd059', 4.0, 'Teilgenommen');
INSERT INTO attendance_records (session_id, student_id, attended_lessons, status) VALUES ('43408c1c-6d62-48fc-a4c1-41d1523591e5', '9e0bb25e-a6f4-4469-a732-caadc47c1b68', 4.0, 'Teilgenommen');
INSERT INTO attendance_records (session_id, student_id, attended_lessons, status) VALUES ('43408c1c-6d62-48fc-a4c1-41d1523591e5', '36e334ee-a466-4c65-9b34-de3da668faf2', 4.0, 'Teilgenommen');
INSERT INTO attendance_records (session_id, student_id, attended_lessons, status) VALUES ('43408c1c-6d62-48fc-a4c1-41d1523591e5', '3a4d3cdb-3f0a-4638-8407-32c9a58b062d', 4.0, 'Teilgenommen');
INSERT INTO attendance_records (session_id, student_id, attended_lessons, status) VALUES ('43408c1c-6d62-48fc-a4c1-41d1523591e5', '10522cbe-5e94-475a-bb0a-df270feca156', 4.0, 'Teilgenommen');
INSERT INTO attendance_records (session_id, student_id, attended_lessons, status) VALUES ('43408c1c-6d62-48fc-a4c1-41d1523591e5', 'e199b01b-1912-4eec-bf38-9e98670e1b05', 4.0, 'Teilgenommen');
INSERT INTO attendance_records (session_id, student_id, attended_lessons, status) VALUES ('43408c1c-6d62-48fc-a4c1-41d1523591e5', 'c6e75092-b218-4583-8523-658ec68e939d', 4.0, 'Teilgenommen');
INSERT INTO attendance_records (session_id, student_id, attended_lessons, status) VALUES ('43408c1c-6d62-48fc-a4c1-41d1523591e5', 'dcb37d2c-df75-492b-a78e-5806e07d19ac', 4.0, 'Teilgenommen');
INSERT INTO attendance_records (session_id, student_id, attended_lessons, status) VALUES ('43408c1c-6d62-48fc-a4c1-41d1523591e5', '37595fde-d8f5-4d68-b9c0-6c93f9c65844', 4.0, 'Teilgenommen');
INSERT INTO attendance_records (session_id, student_id, attended_lessons, status) VALUES ('43408c1c-6d62-48fc-a4c1-41d1523591e5', '409fcb5c-0736-4f19-9a3c-87971f4e60cc', 4.0, 'Teilgenommen');
INSERT INTO attendance_records (session_id, student_id, attended_lessons, status) VALUES ('43408c1c-6d62-48fc-a4c1-41d1523591e5', '9210b1dc-fa77-485c-b180-e40671b4f186', 4.0, 'Teilgenommen');
INSERT INTO attendance_records (session_id, student_id, attended_lessons, status) VALUES ('43408c1c-6d62-48fc-a4c1-41d1523591e5', '1e52bc40-587f-4788-b2ed-3cee0d47180a', 4.0, 'Teilgenommen');
INSERT INTO attendance_records (session_id, student_id, attended_lessons, status) VALUES ('43408c1c-6d62-48fc-a4c1-41d1523591e5', 'c187e386-80b1-48ac-8c01-7b56db2c527c', 4.0, 'Teilgenommen');
INSERT INTO attendance_records (session_id, student_id, attended_lessons, status) VALUES ('43408c1c-6d62-48fc-a4c1-41d1523591e5', '310ce815-81cd-4d83-b871-5e077f427346', 4.0, 'Teilgenommen');
INSERT INTO attendance_records (session_id, student_id, attended_lessons, status) VALUES ('43408c1c-6d62-48fc-a4c1-41d1523591e5', '032a8c24-3d1e-4713-949c-84a87709cb7e', 4.0, 'Teilgenommen');
INSERT INTO attendance_records (session_id, student_id, attended_lessons, status) VALUES ('43408c1c-6d62-48fc-a4c1-41d1523591e5', '4c12124b-69b6-4822-bcaa-87b86d8b268c', 4.0, 'Teilgenommen');
INSERT INTO class_sessions (id, class_id, session_date, required_lessons) VALUES ('ffd86b78-e678-49f1-bfe5-5208bba93448', '50157254-719e-4593-b514-314aa4c5b041', '2026-05-01 08:00:00+02', 4.0);
INSERT INTO attendance_records (session_id, student_id, attended_lessons, status) VALUES ('ffd86b78-e678-49f1-bfe5-5208bba93448', 'a349690e-77ee-47eb-8ce6-923cc4e858cd', 4.0, 'Teilgenommen');
INSERT INTO attendance_records (session_id, student_id, attended_lessons, status) VALUES ('ffd86b78-e678-49f1-bfe5-5208bba93448', 'be173051-fa05-4349-a61c-2600f221c72f', 4.0, 'Teilgenommen');
INSERT INTO attendance_records (session_id, student_id, attended_lessons, status) VALUES ('ffd86b78-e678-49f1-bfe5-5208bba93448', 'b10dd8f2-c524-4e72-8bb7-f5cac0a97c16', 4.0, 'Teilgenommen');
INSERT INTO attendance_records (session_id, student_id, attended_lessons, status) VALUES ('ffd86b78-e678-49f1-bfe5-5208bba93448', '1ffa9063-c8cc-44eb-aff4-2b0e6b9e2e68', 4.0, 'Teilgenommen');
INSERT INTO attendance_records (session_id, student_id, attended_lessons, status) VALUES ('ffd86b78-e678-49f1-bfe5-5208bba93448', '78be6cb0-bf17-476f-9bb0-fc31287146c3', 4.0, 'Teilgenommen');
INSERT INTO attendance_records (session_id, student_id, attended_lessons, status) VALUES ('ffd86b78-e678-49f1-bfe5-5208bba93448', 'b4bbe393-d64b-4a23-a5a9-ff6132fca992', 4.0, 'Teilgenommen');
INSERT INTO attendance_records (session_id, student_id, attended_lessons, status) VALUES ('ffd86b78-e678-49f1-bfe5-5208bba93448', '25389329-427a-49e9-b7ef-c9dc290b1e71', 4.0, 'Teilgenommen');
INSERT INTO attendance_records (session_id, student_id, attended_lessons, status) VALUES ('ffd86b78-e678-49f1-bfe5-5208bba93448', '3844f16a-2750-4054-b310-5f96c60da84f', 4.0, 'Teilgenommen');
INSERT INTO attendance_records (session_id, student_id, attended_lessons, status) VALUES ('ffd86b78-e678-49f1-bfe5-5208bba93448', 'd1ccc585-6cf7-4e52-83f3-1683f631786b', 4.0, 'Teilgenommen');
INSERT INTO attendance_records (session_id, student_id, attended_lessons, status) VALUES ('ffd86b78-e678-49f1-bfe5-5208bba93448', 'e399d43a-f2f0-4569-bc29-c1c450adfc02', 4.0, 'Teilgenommen');
INSERT INTO attendance_records (session_id, student_id, attended_lessons, status) VALUES ('ffd86b78-e678-49f1-bfe5-5208bba93448', '8dcec305-b245-457d-91b4-8c66c3efcb12', 4.0, 'Teilgenommen');
INSERT INTO attendance_records (session_id, student_id, attended_lessons, status) VALUES ('ffd86b78-e678-49f1-bfe5-5208bba93448', '732ddb4f-c15f-42ed-a05e-b5136d78adcb', 4.0, 'Teilgenommen');
INSERT INTO attendance_records (session_id, student_id, attended_lessons, status) VALUES ('ffd86b78-e678-49f1-bfe5-5208bba93448', 'd237fdb5-11f4-4c16-bc5d-11d359bac105', 4.0, 'Teilgenommen');
INSERT INTO attendance_records (session_id, student_id, attended_lessons, status) VALUES ('ffd86b78-e678-49f1-bfe5-5208bba93448', 'fb11fb2d-d254-49de-b450-97afe7af33e7', 4.0, 'Teilgenommen');
INSERT INTO attendance_records (session_id, student_id, attended_lessons, status) VALUES ('ffd86b78-e678-49f1-bfe5-5208bba93448', '9e4547b0-5b88-430b-b60b-19d580efd059', 4.0, 'Teilgenommen');
INSERT INTO attendance_records (session_id, student_id, attended_lessons, status) VALUES ('ffd86b78-e678-49f1-bfe5-5208bba93448', '9e0bb25e-a6f4-4469-a732-caadc47c1b68', 4.0, 'Teilgenommen');
INSERT INTO attendance_records (session_id, student_id, attended_lessons, status) VALUES ('ffd86b78-e678-49f1-bfe5-5208bba93448', '36e334ee-a466-4c65-9b34-de3da668faf2', 4.0, 'Teilgenommen');
INSERT INTO attendance_records (session_id, student_id, attended_lessons, status) VALUES ('ffd86b78-e678-49f1-bfe5-5208bba93448', '3a4d3cdb-3f0a-4638-8407-32c9a58b062d', 4.0, 'Teilgenommen');
INSERT INTO attendance_records (session_id, student_id, attended_lessons, status) VALUES ('ffd86b78-e678-49f1-bfe5-5208bba93448', '10522cbe-5e94-475a-bb0a-df270feca156', 4.0, 'Teilgenommen');
INSERT INTO attendance_records (session_id, student_id, attended_lessons, status) VALUES ('ffd86b78-e678-49f1-bfe5-5208bba93448', 'e199b01b-1912-4eec-bf38-9e98670e1b05', 4.0, 'Teilgenommen');
INSERT INTO attendance_records (session_id, student_id, attended_lessons, status) VALUES ('ffd86b78-e678-49f1-bfe5-5208bba93448', 'c6e75092-b218-4583-8523-658ec68e939d', 4.0, 'Teilgenommen');
INSERT INTO attendance_records (session_id, student_id, attended_lessons, status) VALUES ('ffd86b78-e678-49f1-bfe5-5208bba93448', 'dcb37d2c-df75-492b-a78e-5806e07d19ac', 4.0, 'Teilgenommen');
INSERT INTO attendance_records (session_id, student_id, attended_lessons, status) VALUES ('ffd86b78-e678-49f1-bfe5-5208bba93448', '37595fde-d8f5-4d68-b9c0-6c93f9c65844', 4.0, 'Teilgenommen');
INSERT INTO attendance_records (session_id, student_id, attended_lessons, status) VALUES ('ffd86b78-e678-49f1-bfe5-5208bba93448', '409fcb5c-0736-4f19-9a3c-87971f4e60cc', 4.0, 'Teilgenommen');
INSERT INTO attendance_records (session_id, student_id, attended_lessons, status) VALUES ('ffd86b78-e678-49f1-bfe5-5208bba93448', '9210b1dc-fa77-485c-b180-e40671b4f186', 4.0, 'Teilgenommen');
INSERT INTO attendance_records (session_id, student_id, attended_lessons, status) VALUES ('ffd86b78-e678-49f1-bfe5-5208bba93448', '1e52bc40-587f-4788-b2ed-3cee0d47180a', 4.0, 'Teilgenommen');
INSERT INTO attendance_records (session_id, student_id, attended_lessons, status) VALUES ('ffd86b78-e678-49f1-bfe5-5208bba93448', 'c187e386-80b1-48ac-8c01-7b56db2c527c', 4.0, 'Teilgenommen');
INSERT INTO attendance_records (session_id, student_id, attended_lessons, status) VALUES ('ffd86b78-e678-49f1-bfe5-5208bba93448', '310ce815-81cd-4d83-b871-5e077f427346', 4.0, 'Teilgenommen');
INSERT INTO attendance_records (session_id, student_id, attended_lessons, status) VALUES ('ffd86b78-e678-49f1-bfe5-5208bba93448', '032a8c24-3d1e-4713-949c-84a87709cb7e', 4.0, 'Teilgenommen');
INSERT INTO attendance_records (session_id, student_id, attended_lessons, status) VALUES ('ffd86b78-e678-49f1-bfe5-5208bba93448', '4c12124b-69b6-4822-bcaa-87b86d8b268c', 4.0, 'Teilgenommen');
INSERT INTO class_sessions (id, class_id, session_date, required_lessons) VALUES ('13299596-9277-4c90-add3-e672d18dd894', '50157254-719e-4593-b514-314aa4c5b041', '2026-05-02 08:00:00+02', 4.0);
INSERT INTO attendance_records (session_id, student_id, attended_lessons, status) VALUES ('13299596-9277-4c90-add3-e672d18dd894', 'a349690e-77ee-47eb-8ce6-923cc4e858cd', 4.0, 'Teilgenommen');
INSERT INTO attendance_records (session_id, student_id, attended_lessons, status) VALUES ('13299596-9277-4c90-add3-e672d18dd894', 'be173051-fa05-4349-a61c-2600f221c72f', 4.0, 'Teilgenommen');
INSERT INTO attendance_records (session_id, student_id, attended_lessons, status) VALUES ('13299596-9277-4c90-add3-e672d18dd894', 'b10dd8f2-c524-4e72-8bb7-f5cac0a97c16', 4.0, 'Teilgenommen');
INSERT INTO attendance_records (session_id, student_id, attended_lessons, status) VALUES ('13299596-9277-4c90-add3-e672d18dd894', '1ffa9063-c8cc-44eb-aff4-2b0e6b9e2e68', 4.0, 'Teilgenommen');
INSERT INTO attendance_records (session_id, student_id, attended_lessons, status) VALUES ('13299596-9277-4c90-add3-e672d18dd894', '78be6cb0-bf17-476f-9bb0-fc31287146c3', 4.0, 'Teilgenommen');
INSERT INTO attendance_records (session_id, student_id, attended_lessons, status) VALUES ('13299596-9277-4c90-add3-e672d18dd894', 'b4bbe393-d64b-4a23-a5a9-ff6132fca992', 4.0, 'Teilgenommen');
INSERT INTO attendance_records (session_id, student_id, attended_lessons, status) VALUES ('13299596-9277-4c90-add3-e672d18dd894', '25389329-427a-49e9-b7ef-c9dc290b1e71', 4.0, 'Teilgenommen');
INSERT INTO attendance_records (session_id, student_id, attended_lessons, status) VALUES ('13299596-9277-4c90-add3-e672d18dd894', '3844f16a-2750-4054-b310-5f96c60da84f', 4.0, 'Teilgenommen');
INSERT INTO attendance_records (session_id, student_id, attended_lessons, status) VALUES ('13299596-9277-4c90-add3-e672d18dd894', 'd1ccc585-6cf7-4e52-83f3-1683f631786b', 4.0, 'Teilgenommen');
INSERT INTO attendance_records (session_id, student_id, attended_lessons, status) VALUES ('13299596-9277-4c90-add3-e672d18dd894', 'e399d43a-f2f0-4569-bc29-c1c450adfc02', 4.0, 'Teilgenommen');
INSERT INTO attendance_records (session_id, student_id, attended_lessons, status) VALUES ('13299596-9277-4c90-add3-e672d18dd894', '8dcec305-b245-457d-91b4-8c66c3efcb12', 4.0, 'Teilgenommen');
INSERT INTO attendance_records (session_id, student_id, attended_lessons, status) VALUES ('13299596-9277-4c90-add3-e672d18dd894', '732ddb4f-c15f-42ed-a05e-b5136d78adcb', 4.0, 'Teilgenommen');
INSERT INTO attendance_records (session_id, student_id, attended_lessons, status) VALUES ('13299596-9277-4c90-add3-e672d18dd894', 'd237fdb5-11f4-4c16-bc5d-11d359bac105', 4.0, 'Teilgenommen');
INSERT INTO attendance_records (session_id, student_id, attended_lessons, status) VALUES ('13299596-9277-4c90-add3-e672d18dd894', 'fb11fb2d-d254-49de-b450-97afe7af33e7', 4.0, 'Teilgenommen');
INSERT INTO attendance_records (session_id, student_id, attended_lessons, status) VALUES ('13299596-9277-4c90-add3-e672d18dd894', '9e4547b0-5b88-430b-b60b-19d580efd059', 4.0, 'Teilgenommen');
INSERT INTO attendance_records (session_id, student_id, attended_lessons, status) VALUES ('13299596-9277-4c90-add3-e672d18dd894', '9e0bb25e-a6f4-4469-a732-caadc47c1b68', 4.0, 'Teilgenommen');
INSERT INTO attendance_records (session_id, student_id, attended_lessons, status) VALUES ('13299596-9277-4c90-add3-e672d18dd894', '36e334ee-a466-4c65-9b34-de3da668faf2', 4.0, 'Teilgenommen');
INSERT INTO attendance_records (session_id, student_id, attended_lessons, status) VALUES ('13299596-9277-4c90-add3-e672d18dd894', '3a4d3cdb-3f0a-4638-8407-32c9a58b062d', 4.0, 'Teilgenommen');
INSERT INTO attendance_records (session_id, student_id, attended_lessons, status) VALUES ('13299596-9277-4c90-add3-e672d18dd894', '10522cbe-5e94-475a-bb0a-df270feca156', 4.0, 'Teilgenommen');
INSERT INTO attendance_records (session_id, student_id, attended_lessons, status) VALUES ('13299596-9277-4c90-add3-e672d18dd894', 'e199b01b-1912-4eec-bf38-9e98670e1b05', 4.0, 'Teilgenommen');
INSERT INTO attendance_records (session_id, student_id, attended_lessons, status) VALUES ('13299596-9277-4c90-add3-e672d18dd894', 'c6e75092-b218-4583-8523-658ec68e939d', 4.0, 'Teilgenommen');
INSERT INTO attendance_records (session_id, student_id, attended_lessons, status) VALUES ('13299596-9277-4c90-add3-e672d18dd894', 'dcb37d2c-df75-492b-a78e-5806e07d19ac', 4.0, 'Teilgenommen');
INSERT INTO attendance_records (session_id, student_id, attended_lessons, status) VALUES ('13299596-9277-4c90-add3-e672d18dd894', '37595fde-d8f5-4d68-b9c0-6c93f9c65844', 4.0, 'Teilgenommen');
INSERT INTO attendance_records (session_id, student_id, attended_lessons, status) VALUES ('13299596-9277-4c90-add3-e672d18dd894', '409fcb5c-0736-4f19-9a3c-87971f4e60cc', 4.0, 'Teilgenommen');
INSERT INTO attendance_records (session_id, student_id, attended_lessons, status) VALUES ('13299596-9277-4c90-add3-e672d18dd894', '9210b1dc-fa77-485c-b180-e40671b4f186', 4.0, 'Teilgenommen');
INSERT INTO attendance_records (session_id, student_id, attended_lessons, status) VALUES ('13299596-9277-4c90-add3-e672d18dd894', '1e52bc40-587f-4788-b2ed-3cee0d47180a', 4.0, 'Teilgenommen');
INSERT INTO attendance_records (session_id, student_id, attended_lessons, status) VALUES ('13299596-9277-4c90-add3-e672d18dd894', 'c187e386-80b1-48ac-8c01-7b56db2c527c', 4.0, 'Teilgenommen');
INSERT INTO attendance_records (session_id, student_id, attended_lessons, status) VALUES ('13299596-9277-4c90-add3-e672d18dd894', '310ce815-81cd-4d83-b871-5e077f427346', 4.0, 'Teilgenommen');
INSERT INTO attendance_records (session_id, student_id, attended_lessons, status) VALUES ('13299596-9277-4c90-add3-e672d18dd894', '032a8c24-3d1e-4713-949c-84a87709cb7e', 4.0, 'Teilgenommen');
INSERT INTO attendance_records (session_id, student_id, attended_lessons, status) VALUES ('13299596-9277-4c90-add3-e672d18dd894', '4c12124b-69b6-4822-bcaa-87b86d8b268c', 4.0, 'Teilgenommen');
INSERT INTO class_sessions (id, class_id, session_date, required_lessons) VALUES ('0207f52d-eb62-46f9-a9d3-0171fdbdeb82', '50157254-719e-4593-b514-314aa4c5b041', '2026-05-03 08:00:00+02', 4.0);
INSERT INTO attendance_records (session_id, student_id, attended_lessons, status) VALUES ('0207f52d-eb62-46f9-a9d3-0171fdbdeb82', 'a349690e-77ee-47eb-8ce6-923cc4e858cd', 4.0, 'Teilgenommen');
INSERT INTO attendance_records (session_id, student_id, attended_lessons, status) VALUES ('0207f52d-eb62-46f9-a9d3-0171fdbdeb82', 'be173051-fa05-4349-a61c-2600f221c72f', 4.0, 'Teilgenommen');
INSERT INTO attendance_records (session_id, student_id, attended_lessons, status) VALUES ('0207f52d-eb62-46f9-a9d3-0171fdbdeb82', 'b10dd8f2-c524-4e72-8bb7-f5cac0a97c16', 4.0, 'Teilgenommen');
INSERT INTO attendance_records (session_id, student_id, attended_lessons, status) VALUES ('0207f52d-eb62-46f9-a9d3-0171fdbdeb82', '1ffa9063-c8cc-44eb-aff4-2b0e6b9e2e68', 4.0, 'Teilgenommen');
INSERT INTO attendance_records (session_id, student_id, attended_lessons, status) VALUES ('0207f52d-eb62-46f9-a9d3-0171fdbdeb82', '78be6cb0-bf17-476f-9bb0-fc31287146c3', 4.0, 'Teilgenommen');
INSERT INTO attendance_records (session_id, student_id, attended_lessons, status) VALUES ('0207f52d-eb62-46f9-a9d3-0171fdbdeb82', 'b4bbe393-d64b-4a23-a5a9-ff6132fca992', 4.0, 'Teilgenommen');
INSERT INTO attendance_records (session_id, student_id, attended_lessons, status) VALUES ('0207f52d-eb62-46f9-a9d3-0171fdbdeb82', '25389329-427a-49e9-b7ef-c9dc290b1e71', 4.0, 'Teilgenommen');
INSERT INTO attendance_records (session_id, student_id, attended_lessons, status) VALUES ('0207f52d-eb62-46f9-a9d3-0171fdbdeb82', '3844f16a-2750-4054-b310-5f96c60da84f', 4.0, 'Teilgenommen');
INSERT INTO attendance_records (session_id, student_id, attended_lessons, status) VALUES ('0207f52d-eb62-46f9-a9d3-0171fdbdeb82', 'd1ccc585-6cf7-4e52-83f3-1683f631786b', 4.0, 'Teilgenommen');
INSERT INTO attendance_records (session_id, student_id, attended_lessons, status) VALUES ('0207f52d-eb62-46f9-a9d3-0171fdbdeb82', 'e399d43a-f2f0-4569-bc29-c1c450adfc02', 4.0, 'Teilgenommen');
INSERT INTO attendance_records (session_id, student_id, attended_lessons, status) VALUES ('0207f52d-eb62-46f9-a9d3-0171fdbdeb82', '8dcec305-b245-457d-91b4-8c66c3efcb12', 4.0, 'Teilgenommen');
INSERT INTO attendance_records (session_id, student_id, attended_lessons, status) VALUES ('0207f52d-eb62-46f9-a9d3-0171fdbdeb82', '732ddb4f-c15f-42ed-a05e-b5136d78adcb', 4.0, 'Teilgenommen');
INSERT INTO attendance_records (session_id, student_id, attended_lessons, status) VALUES ('0207f52d-eb62-46f9-a9d3-0171fdbdeb82', 'd237fdb5-11f4-4c16-bc5d-11d359bac105', 4.0, 'Teilgenommen');
INSERT INTO attendance_records (session_id, student_id, attended_lessons, status) VALUES ('0207f52d-eb62-46f9-a9d3-0171fdbdeb82', 'fb11fb2d-d254-49de-b450-97afe7af33e7', 4.0, 'Teilgenommen');
INSERT INTO attendance_records (session_id, student_id, attended_lessons, status) VALUES ('0207f52d-eb62-46f9-a9d3-0171fdbdeb82', '9e4547b0-5b88-430b-b60b-19d580efd059', 4.0, 'Teilgenommen');
INSERT INTO attendance_records (session_id, student_id, attended_lessons, status) VALUES ('0207f52d-eb62-46f9-a9d3-0171fdbdeb82', '9e0bb25e-a6f4-4469-a732-caadc47c1b68', 4.0, 'Teilgenommen');
INSERT INTO attendance_records (session_id, student_id, attended_lessons, status) VALUES ('0207f52d-eb62-46f9-a9d3-0171fdbdeb82', '36e334ee-a466-4c65-9b34-de3da668faf2', 4.0, 'Teilgenommen');
INSERT INTO attendance_records (session_id, student_id, attended_lessons, status) VALUES ('0207f52d-eb62-46f9-a9d3-0171fdbdeb82', '3a4d3cdb-3f0a-4638-8407-32c9a58b062d', 4.0, 'Teilgenommen');
INSERT INTO attendance_records (session_id, student_id, attended_lessons, status) VALUES ('0207f52d-eb62-46f9-a9d3-0171fdbdeb82', '10522cbe-5e94-475a-bb0a-df270feca156', 4.0, 'Teilgenommen');
INSERT INTO attendance_records (session_id, student_id, attended_lessons, status) VALUES ('0207f52d-eb62-46f9-a9d3-0171fdbdeb82', 'e199b01b-1912-4eec-bf38-9e98670e1b05', 4.0, 'Teilgenommen');
INSERT INTO attendance_records (session_id, student_id, attended_lessons, status) VALUES ('0207f52d-eb62-46f9-a9d3-0171fdbdeb82', 'c6e75092-b218-4583-8523-658ec68e939d', 4.0, 'Teilgenommen');
INSERT INTO attendance_records (session_id, student_id, attended_lessons, status) VALUES ('0207f52d-eb62-46f9-a9d3-0171fdbdeb82', 'dcb37d2c-df75-492b-a78e-5806e07d19ac', 4.0, 'Teilgenommen');
INSERT INTO attendance_records (session_id, student_id, attended_lessons, status) VALUES ('0207f52d-eb62-46f9-a9d3-0171fdbdeb82', '37595fde-d8f5-4d68-b9c0-6c93f9c65844', 4.0, 'Teilgenommen');
INSERT INTO attendance_records (session_id, student_id, attended_lessons, status) VALUES ('0207f52d-eb62-46f9-a9d3-0171fdbdeb82', '409fcb5c-0736-4f19-9a3c-87971f4e60cc', 4.0, 'Teilgenommen');
INSERT INTO attendance_records (session_id, student_id, attended_lessons, status) VALUES ('0207f52d-eb62-46f9-a9d3-0171fdbdeb82', '9210b1dc-fa77-485c-b180-e40671b4f186', 4.0, 'Teilgenommen');
INSERT INTO attendance_records (session_id, student_id, attended_lessons, status) VALUES ('0207f52d-eb62-46f9-a9d3-0171fdbdeb82', '1e52bc40-587f-4788-b2ed-3cee0d47180a', 4.0, 'Teilgenommen');
INSERT INTO attendance_records (session_id, student_id, attended_lessons, status) VALUES ('0207f52d-eb62-46f9-a9d3-0171fdbdeb82', 'c187e386-80b1-48ac-8c01-7b56db2c527c', 4.0, 'Teilgenommen');
INSERT INTO attendance_records (session_id, student_id, attended_lessons, status) VALUES ('0207f52d-eb62-46f9-a9d3-0171fdbdeb82', '310ce815-81cd-4d83-b871-5e077f427346', 4.0, 'Teilgenommen');
INSERT INTO attendance_records (session_id, student_id, attended_lessons, status) VALUES ('0207f52d-eb62-46f9-a9d3-0171fdbdeb82', '032a8c24-3d1e-4713-949c-84a87709cb7e', 4.0, 'Teilgenommen');
INSERT INTO attendance_records (session_id, student_id, attended_lessons, status) VALUES ('0207f52d-eb62-46f9-a9d3-0171fdbdeb82', '4c12124b-69b6-4822-bcaa-87b86d8b268c', 4.0, 'Teilgenommen');
INSERT INTO class_sessions (id, class_id, session_date, required_lessons) VALUES ('c9bdae35-ca89-4ab0-ac85-df547711cd43', '50157254-719e-4593-b514-314aa4c5b041', '2026-05-04 08:00:00+02', 4.0);
INSERT INTO attendance_records (session_id, student_id, attended_lessons, status) VALUES ('c9bdae35-ca89-4ab0-ac85-df547711cd43', 'a349690e-77ee-47eb-8ce6-923cc4e858cd', 4.0, 'Teilgenommen');
INSERT INTO attendance_records (session_id, student_id, attended_lessons, status) VALUES ('c9bdae35-ca89-4ab0-ac85-df547711cd43', 'be173051-fa05-4349-a61c-2600f221c72f', 4.0, 'Teilgenommen');
INSERT INTO attendance_records (session_id, student_id, attended_lessons, status) VALUES ('c9bdae35-ca89-4ab0-ac85-df547711cd43', 'b10dd8f2-c524-4e72-8bb7-f5cac0a97c16', 4.0, 'Teilgenommen');
INSERT INTO attendance_records (session_id, student_id, attended_lessons, status) VALUES ('c9bdae35-ca89-4ab0-ac85-df547711cd43', '1ffa9063-c8cc-44eb-aff4-2b0e6b9e2e68', 4.0, 'Teilgenommen');
INSERT INTO attendance_records (session_id, student_id, attended_lessons, status) VALUES ('c9bdae35-ca89-4ab0-ac85-df547711cd43', '78be6cb0-bf17-476f-9bb0-fc31287146c3', 4.0, 'Teilgenommen');
INSERT INTO attendance_records (session_id, student_id, attended_lessons, status) VALUES ('c9bdae35-ca89-4ab0-ac85-df547711cd43', 'b4bbe393-d64b-4a23-a5a9-ff6132fca992', 4.0, 'Teilgenommen');
INSERT INTO attendance_records (session_id, student_id, attended_lessons, status) VALUES ('c9bdae35-ca89-4ab0-ac85-df547711cd43', '25389329-427a-49e9-b7ef-c9dc290b1e71', 4.0, 'Teilgenommen');
INSERT INTO attendance_records (session_id, student_id, attended_lessons, status) VALUES ('c9bdae35-ca89-4ab0-ac85-df547711cd43', '3844f16a-2750-4054-b310-5f96c60da84f', 4.0, 'Teilgenommen');
INSERT INTO attendance_records (session_id, student_id, attended_lessons, status) VALUES ('c9bdae35-ca89-4ab0-ac85-df547711cd43', 'd1ccc585-6cf7-4e52-83f3-1683f631786b', 4.0, 'Teilgenommen');
INSERT INTO attendance_records (session_id, student_id, attended_lessons, status) VALUES ('c9bdae35-ca89-4ab0-ac85-df547711cd43', 'e399d43a-f2f0-4569-bc29-c1c450adfc02', 4.0, 'Teilgenommen');
INSERT INTO attendance_records (session_id, student_id, attended_lessons, status) VALUES ('c9bdae35-ca89-4ab0-ac85-df547711cd43', '8dcec305-b245-457d-91b4-8c66c3efcb12', 4.0, 'Teilgenommen');
INSERT INTO attendance_records (session_id, student_id, attended_lessons, status) VALUES ('c9bdae35-ca89-4ab0-ac85-df547711cd43', '732ddb4f-c15f-42ed-a05e-b5136d78adcb', 4.0, 'Teilgenommen');
INSERT INTO attendance_records (session_id, student_id, attended_lessons, status) VALUES ('c9bdae35-ca89-4ab0-ac85-df547711cd43', 'd237fdb5-11f4-4c16-bc5d-11d359bac105', 4.0, 'Teilgenommen');
INSERT INTO attendance_records (session_id, student_id, attended_lessons, status) VALUES ('c9bdae35-ca89-4ab0-ac85-df547711cd43', 'fb11fb2d-d254-49de-b450-97afe7af33e7', 4.0, 'Teilgenommen');
INSERT INTO attendance_records (session_id, student_id, attended_lessons, status) VALUES ('c9bdae35-ca89-4ab0-ac85-df547711cd43', '9e4547b0-5b88-430b-b60b-19d580efd059', 4.0, 'Teilgenommen');
INSERT INTO attendance_records (session_id, student_id, attended_lessons, status) VALUES ('c9bdae35-ca89-4ab0-ac85-df547711cd43', '9e0bb25e-a6f4-4469-a732-caadc47c1b68', 4.0, 'Teilgenommen');
INSERT INTO attendance_records (session_id, student_id, attended_lessons, status) VALUES ('c9bdae35-ca89-4ab0-ac85-df547711cd43', '36e334ee-a466-4c65-9b34-de3da668faf2', 4.0, 'Teilgenommen');
INSERT INTO attendance_records (session_id, student_id, attended_lessons, status) VALUES ('c9bdae35-ca89-4ab0-ac85-df547711cd43', '3a4d3cdb-3f0a-4638-8407-32c9a58b062d', 4.0, 'Teilgenommen');
INSERT INTO attendance_records (session_id, student_id, attended_lessons, status) VALUES ('c9bdae35-ca89-4ab0-ac85-df547711cd43', '10522cbe-5e94-475a-bb0a-df270feca156', 4.0, 'Teilgenommen');
INSERT INTO attendance_records (session_id, student_id, attended_lessons, status) VALUES ('c9bdae35-ca89-4ab0-ac85-df547711cd43', 'e199b01b-1912-4eec-bf38-9e98670e1b05', 4.0, 'Teilgenommen');
INSERT INTO attendance_records (session_id, student_id, attended_lessons, status) VALUES ('c9bdae35-ca89-4ab0-ac85-df547711cd43', 'c6e75092-b218-4583-8523-658ec68e939d', 4.0, 'Teilgenommen');
INSERT INTO attendance_records (session_id, student_id, attended_lessons, status) VALUES ('c9bdae35-ca89-4ab0-ac85-df547711cd43', 'dcb37d2c-df75-492b-a78e-5806e07d19ac', 4.0, 'Teilgenommen');
INSERT INTO attendance_records (session_id, student_id, attended_lessons, status) VALUES ('c9bdae35-ca89-4ab0-ac85-df547711cd43', '37595fde-d8f5-4d68-b9c0-6c93f9c65844', 4.0, 'Teilgenommen');
INSERT INTO attendance_records (session_id, student_id, attended_lessons, status) VALUES ('c9bdae35-ca89-4ab0-ac85-df547711cd43', '409fcb5c-0736-4f19-9a3c-87971f4e60cc', 4.0, 'Teilgenommen');
INSERT INTO attendance_records (session_id, student_id, attended_lessons, status) VALUES ('c9bdae35-ca89-4ab0-ac85-df547711cd43', '9210b1dc-fa77-485c-b180-e40671b4f186', 4.0, 'Teilgenommen');
INSERT INTO attendance_records (session_id, student_id, attended_lessons, status) VALUES ('c9bdae35-ca89-4ab0-ac85-df547711cd43', '1e52bc40-587f-4788-b2ed-3cee0d47180a', 4.0, 'Teilgenommen');
INSERT INTO attendance_records (session_id, student_id, attended_lessons, status) VALUES ('c9bdae35-ca89-4ab0-ac85-df547711cd43', 'c187e386-80b1-48ac-8c01-7b56db2c527c', 4.0, 'Teilgenommen');
INSERT INTO attendance_records (session_id, student_id, attended_lessons, status) VALUES ('c9bdae35-ca89-4ab0-ac85-df547711cd43', '310ce815-81cd-4d83-b871-5e077f427346', 4.0, 'Teilgenommen');
INSERT INTO attendance_records (session_id, student_id, attended_lessons, status) VALUES ('c9bdae35-ca89-4ab0-ac85-df547711cd43', '032a8c24-3d1e-4713-949c-84a87709cb7e', 4.0, 'Teilgenommen');
INSERT INTO attendance_records (session_id, student_id, attended_lessons, status) VALUES ('c9bdae35-ca89-4ab0-ac85-df547711cd43', '4c12124b-69b6-4822-bcaa-87b86d8b268c', 4.0, 'Teilgenommen');
INSERT INTO class_sessions (id, class_id, session_date, required_lessons) VALUES ('939ee69d-40c1-483d-987a-c12ed82c8669', '50157254-719e-4593-b514-314aa4c5b041', '2026-05-05 08:00:00+02', 4.0);
INSERT INTO attendance_records (session_id, student_id, attended_lessons, status) VALUES ('939ee69d-40c1-483d-987a-c12ed82c8669', 'a349690e-77ee-47eb-8ce6-923cc4e858cd', 4.0, 'Teilgenommen');
INSERT INTO attendance_records (session_id, student_id, attended_lessons, status) VALUES ('939ee69d-40c1-483d-987a-c12ed82c8669', 'be173051-fa05-4349-a61c-2600f221c72f', 4.0, 'Teilgenommen');
INSERT INTO attendance_records (session_id, student_id, attended_lessons, status) VALUES ('939ee69d-40c1-483d-987a-c12ed82c8669', 'b10dd8f2-c524-4e72-8bb7-f5cac0a97c16', 4.0, 'Teilgenommen');
INSERT INTO attendance_records (session_id, student_id, attended_lessons, status) VALUES ('939ee69d-40c1-483d-987a-c12ed82c8669', '1ffa9063-c8cc-44eb-aff4-2b0e6b9e2e68', 4.0, 'Teilgenommen');
INSERT INTO attendance_records (session_id, student_id, attended_lessons, status) VALUES ('939ee69d-40c1-483d-987a-c12ed82c8669', '78be6cb0-bf17-476f-9bb0-fc31287146c3', 4.0, 'Teilgenommen');
INSERT INTO attendance_records (session_id, student_id, attended_lessons, status) VALUES ('939ee69d-40c1-483d-987a-c12ed82c8669', 'b4bbe393-d64b-4a23-a5a9-ff6132fca992', 4.0, 'Teilgenommen');
INSERT INTO attendance_records (session_id, student_id, attended_lessons, status) VALUES ('939ee69d-40c1-483d-987a-c12ed82c8669', '25389329-427a-49e9-b7ef-c9dc290b1e71', 4.0, 'Teilgenommen');
INSERT INTO attendance_records (session_id, student_id, attended_lessons, status) VALUES ('939ee69d-40c1-483d-987a-c12ed82c8669', '3844f16a-2750-4054-b310-5f96c60da84f', 4.0, 'Teilgenommen');
INSERT INTO attendance_records (session_id, student_id, attended_lessons, status) VALUES ('939ee69d-40c1-483d-987a-c12ed82c8669', 'd1ccc585-6cf7-4e52-83f3-1683f631786b', 4.0, 'Teilgenommen');
INSERT INTO attendance_records (session_id, student_id, attended_lessons, status) VALUES ('939ee69d-40c1-483d-987a-c12ed82c8669', 'e399d43a-f2f0-4569-bc29-c1c450adfc02', 4.0, 'Teilgenommen');
INSERT INTO attendance_records (session_id, student_id, attended_lessons, status) VALUES ('939ee69d-40c1-483d-987a-c12ed82c8669', '8dcec305-b245-457d-91b4-8c66c3efcb12', 4.0, 'Teilgenommen');
INSERT INTO attendance_records (session_id, student_id, attended_lessons, status) VALUES ('939ee69d-40c1-483d-987a-c12ed82c8669', '732ddb4f-c15f-42ed-a05e-b5136d78adcb', 4.0, 'Teilgenommen');
INSERT INTO attendance_records (session_id, student_id, attended_lessons, status) VALUES ('939ee69d-40c1-483d-987a-c12ed82c8669', 'd237fdb5-11f4-4c16-bc5d-11d359bac105', 4.0, 'Teilgenommen');
INSERT INTO attendance_records (session_id, student_id, attended_lessons, status) VALUES ('939ee69d-40c1-483d-987a-c12ed82c8669', 'fb11fb2d-d254-49de-b450-97afe7af33e7', 4.0, 'Teilgenommen');
INSERT INTO attendance_records (session_id, student_id, attended_lessons, status) VALUES ('939ee69d-40c1-483d-987a-c12ed82c8669', '9e4547b0-5b88-430b-b60b-19d580efd059', 4.0, 'Teilgenommen');
INSERT INTO attendance_records (session_id, student_id, attended_lessons, status) VALUES ('939ee69d-40c1-483d-987a-c12ed82c8669', '9e0bb25e-a6f4-4469-a732-caadc47c1b68', 4.0, 'Teilgenommen');
INSERT INTO attendance_records (session_id, student_id, attended_lessons, status) VALUES ('939ee69d-40c1-483d-987a-c12ed82c8669', '36e334ee-a466-4c65-9b34-de3da668faf2', 4.0, 'Teilgenommen');
INSERT INTO attendance_records (session_id, student_id, attended_lessons, status) VALUES ('939ee69d-40c1-483d-987a-c12ed82c8669', '3a4d3cdb-3f0a-4638-8407-32c9a58b062d', 4.0, 'Teilgenommen');
INSERT INTO attendance_records (session_id, student_id, attended_lessons, status) VALUES ('939ee69d-40c1-483d-987a-c12ed82c8669', '10522cbe-5e94-475a-bb0a-df270feca156', 4.0, 'Teilgenommen');
INSERT INTO attendance_records (session_id, student_id, attended_lessons, status) VALUES ('939ee69d-40c1-483d-987a-c12ed82c8669', 'e199b01b-1912-4eec-bf38-9e98670e1b05', 4.0, 'Teilgenommen');
INSERT INTO attendance_records (session_id, student_id, attended_lessons, status) VALUES ('939ee69d-40c1-483d-987a-c12ed82c8669', 'c6e75092-b218-4583-8523-658ec68e939d', 4.0, 'Teilgenommen');
INSERT INTO attendance_records (session_id, student_id, attended_lessons, status) VALUES ('939ee69d-40c1-483d-987a-c12ed82c8669', 'dcb37d2c-df75-492b-a78e-5806e07d19ac', 4.0, 'Teilgenommen');
INSERT INTO attendance_records (session_id, student_id, attended_lessons, status) VALUES ('939ee69d-40c1-483d-987a-c12ed82c8669', '37595fde-d8f5-4d68-b9c0-6c93f9c65844', 4.0, 'Teilgenommen');
INSERT INTO attendance_records (session_id, student_id, attended_lessons, status) VALUES ('939ee69d-40c1-483d-987a-c12ed82c8669', '409fcb5c-0736-4f19-9a3c-87971f4e60cc', 4.0, 'Teilgenommen');
INSERT INTO attendance_records (session_id, student_id, attended_lessons, status) VALUES ('939ee69d-40c1-483d-987a-c12ed82c8669', '9210b1dc-fa77-485c-b180-e40671b4f186', 4.0, 'Teilgenommen');
INSERT INTO attendance_records (session_id, student_id, attended_lessons, status) VALUES ('939ee69d-40c1-483d-987a-c12ed82c8669', '1e52bc40-587f-4788-b2ed-3cee0d47180a', 4.0, 'Teilgenommen');
INSERT INTO attendance_records (session_id, student_id, attended_lessons, status) VALUES ('939ee69d-40c1-483d-987a-c12ed82c8669', 'c187e386-80b1-48ac-8c01-7b56db2c527c', 4.0, 'Teilgenommen');
INSERT INTO attendance_records (session_id, student_id, attended_lessons, status) VALUES ('939ee69d-40c1-483d-987a-c12ed82c8669', '310ce815-81cd-4d83-b871-5e077f427346', 4.0, 'Teilgenommen');
INSERT INTO attendance_records (session_id, student_id, attended_lessons, status) VALUES ('939ee69d-40c1-483d-987a-c12ed82c8669', '032a8c24-3d1e-4713-949c-84a87709cb7e', 4.0, 'Teilgenommen');
INSERT INTO attendance_records (session_id, student_id, attended_lessons, status) VALUES ('939ee69d-40c1-483d-987a-c12ed82c8669', '4c12124b-69b6-4822-bcaa-87b86d8b268c', 4.0, 'Teilgenommen');
INSERT INTO class_sessions (id, class_id, session_date, required_lessons) VALUES ('468a7e28-5802-4aaf-b46c-627749484635', '50157254-719e-4593-b514-314aa4c5b041', '2026-05-06 08:00:00+02', 4.0);
INSERT INTO attendance_records (session_id, student_id, attended_lessons, status) VALUES ('468a7e28-5802-4aaf-b46c-627749484635', 'a349690e-77ee-47eb-8ce6-923cc4e858cd', 4.0, 'Teilgenommen');
INSERT INTO attendance_records (session_id, student_id, attended_lessons, status) VALUES ('468a7e28-5802-4aaf-b46c-627749484635', 'be173051-fa05-4349-a61c-2600f221c72f', 4.0, 'Teilgenommen');
INSERT INTO attendance_records (session_id, student_id, attended_lessons, status) VALUES ('468a7e28-5802-4aaf-b46c-627749484635', 'b10dd8f2-c524-4e72-8bb7-f5cac0a97c16', 4.0, 'Teilgenommen');
INSERT INTO attendance_records (session_id, student_id, attended_lessons, status) VALUES ('468a7e28-5802-4aaf-b46c-627749484635', '1ffa9063-c8cc-44eb-aff4-2b0e6b9e2e68', 4.0, 'Teilgenommen');
INSERT INTO attendance_records (session_id, student_id, attended_lessons, status) VALUES ('468a7e28-5802-4aaf-b46c-627749484635', '78be6cb0-bf17-476f-9bb0-fc31287146c3', 4.0, 'Teilgenommen');
INSERT INTO attendance_records (session_id, student_id, attended_lessons, status) VALUES ('468a7e28-5802-4aaf-b46c-627749484635', 'b4bbe393-d64b-4a23-a5a9-ff6132fca992', 4.0, 'Teilgenommen');
INSERT INTO attendance_records (session_id, student_id, attended_lessons, status) VALUES ('468a7e28-5802-4aaf-b46c-627749484635', '25389329-427a-49e9-b7ef-c9dc290b1e71', 4.0, 'Teilgenommen');
INSERT INTO attendance_records (session_id, student_id, attended_lessons, status) VALUES ('468a7e28-5802-4aaf-b46c-627749484635', '3844f16a-2750-4054-b310-5f96c60da84f', 4.0, 'Teilgenommen');
INSERT INTO attendance_records (session_id, student_id, attended_lessons, status) VALUES ('468a7e28-5802-4aaf-b46c-627749484635', 'd1ccc585-6cf7-4e52-83f3-1683f631786b', 4.0, 'Teilgenommen');
INSERT INTO attendance_records (session_id, student_id, attended_lessons, status) VALUES ('468a7e28-5802-4aaf-b46c-627749484635', 'e399d43a-f2f0-4569-bc29-c1c450adfc02', 4.0, 'Teilgenommen');
INSERT INTO attendance_records (session_id, student_id, attended_lessons, status) VALUES ('468a7e28-5802-4aaf-b46c-627749484635', '8dcec305-b245-457d-91b4-8c66c3efcb12', 4.0, 'Teilgenommen');
INSERT INTO attendance_records (session_id, student_id, attended_lessons, status) VALUES ('468a7e28-5802-4aaf-b46c-627749484635', '732ddb4f-c15f-42ed-a05e-b5136d78adcb', 4.0, 'Teilgenommen');
INSERT INTO attendance_records (session_id, student_id, attended_lessons, status) VALUES ('468a7e28-5802-4aaf-b46c-627749484635', 'd237fdb5-11f4-4c16-bc5d-11d359bac105', 4.0, 'Teilgenommen');
INSERT INTO attendance_records (session_id, student_id, attended_lessons, status) VALUES ('468a7e28-5802-4aaf-b46c-627749484635', 'fb11fb2d-d254-49de-b450-97afe7af33e7', 4.0, 'Teilgenommen');
INSERT INTO attendance_records (session_id, student_id, attended_lessons, status) VALUES ('468a7e28-5802-4aaf-b46c-627749484635', '9e4547b0-5b88-430b-b60b-19d580efd059', 4.0, 'Teilgenommen');
INSERT INTO attendance_records (session_id, student_id, attended_lessons, status) VALUES ('468a7e28-5802-4aaf-b46c-627749484635', '9e0bb25e-a6f4-4469-a732-caadc47c1b68', 4.0, 'Teilgenommen');
INSERT INTO attendance_records (session_id, student_id, attended_lessons, status) VALUES ('468a7e28-5802-4aaf-b46c-627749484635', '36e334ee-a466-4c65-9b34-de3da668faf2', 4.0, 'Teilgenommen');
INSERT INTO attendance_records (session_id, student_id, attended_lessons, status) VALUES ('468a7e28-5802-4aaf-b46c-627749484635', '3a4d3cdb-3f0a-4638-8407-32c9a58b062d', 4.0, 'Teilgenommen');
INSERT INTO attendance_records (session_id, student_id, attended_lessons, status) VALUES ('468a7e28-5802-4aaf-b46c-627749484635', '10522cbe-5e94-475a-bb0a-df270feca156', 4.0, 'Teilgenommen');
INSERT INTO attendance_records (session_id, student_id, attended_lessons, status) VALUES ('468a7e28-5802-4aaf-b46c-627749484635', 'e199b01b-1912-4eec-bf38-9e98670e1b05', 4.0, 'Teilgenommen');
INSERT INTO attendance_records (session_id, student_id, attended_lessons, status) VALUES ('468a7e28-5802-4aaf-b46c-627749484635', 'c6e75092-b218-4583-8523-658ec68e939d', 4.0, 'Teilgenommen');
INSERT INTO attendance_records (session_id, student_id, attended_lessons, status) VALUES ('468a7e28-5802-4aaf-b46c-627749484635', 'dcb37d2c-df75-492b-a78e-5806e07d19ac', 4.0, 'Teilgenommen');
INSERT INTO attendance_records (session_id, student_id, attended_lessons, status) VALUES ('468a7e28-5802-4aaf-b46c-627749484635', '37595fde-d8f5-4d68-b9c0-6c93f9c65844', 4.0, 'Teilgenommen');
INSERT INTO attendance_records (session_id, student_id, attended_lessons, status) VALUES ('468a7e28-5802-4aaf-b46c-627749484635', '409fcb5c-0736-4f19-9a3c-87971f4e60cc', 4.0, 'Teilgenommen');
INSERT INTO attendance_records (session_id, student_id, attended_lessons, status) VALUES ('468a7e28-5802-4aaf-b46c-627749484635', '9210b1dc-fa77-485c-b180-e40671b4f186', 4.0, 'Teilgenommen');
INSERT INTO attendance_records (session_id, student_id, attended_lessons, status) VALUES ('468a7e28-5802-4aaf-b46c-627749484635', '1e52bc40-587f-4788-b2ed-3cee0d47180a', 4.0, 'Teilgenommen');
INSERT INTO attendance_records (session_id, student_id, attended_lessons, status) VALUES ('468a7e28-5802-4aaf-b46c-627749484635', 'c187e386-80b1-48ac-8c01-7b56db2c527c', 4.0, 'Teilgenommen');
INSERT INTO attendance_records (session_id, student_id, attended_lessons, status) VALUES ('468a7e28-5802-4aaf-b46c-627749484635', '310ce815-81cd-4d83-b871-5e077f427346', 4.0, 'Teilgenommen');
INSERT INTO attendance_records (session_id, student_id, attended_lessons, status) VALUES ('468a7e28-5802-4aaf-b46c-627749484635', '032a8c24-3d1e-4713-949c-84a87709cb7e', 4.0, 'Teilgenommen');
INSERT INTO attendance_records (session_id, student_id, attended_lessons, status) VALUES ('468a7e28-5802-4aaf-b46c-627749484635', '4c12124b-69b6-4822-bcaa-87b86d8b268c', 4.0, 'Teilgenommen');
INSERT INTO class_sessions (id, class_id, session_date, required_lessons) VALUES ('4a1ffef5-0511-41fa-9d26-10bd0961414a', '50157254-719e-4593-b514-314aa4c5b041', '2026-05-07 08:00:00+02', 4.0);
INSERT INTO attendance_records (session_id, student_id, attended_lessons, status) VALUES ('4a1ffef5-0511-41fa-9d26-10bd0961414a', 'a349690e-77ee-47eb-8ce6-923cc4e858cd', 4.0, 'Teilgenommen');
INSERT INTO attendance_records (session_id, student_id, attended_lessons, status) VALUES ('4a1ffef5-0511-41fa-9d26-10bd0961414a', 'be173051-fa05-4349-a61c-2600f221c72f', 4.0, 'Teilgenommen');
INSERT INTO attendance_records (session_id, student_id, attended_lessons, status) VALUES ('4a1ffef5-0511-41fa-9d26-10bd0961414a', 'b10dd8f2-c524-4e72-8bb7-f5cac0a97c16', 4.0, 'Teilgenommen');
INSERT INTO attendance_records (session_id, student_id, attended_lessons, status) VALUES ('4a1ffef5-0511-41fa-9d26-10bd0961414a', '1ffa9063-c8cc-44eb-aff4-2b0e6b9e2e68', 4.0, 'Teilgenommen');
INSERT INTO attendance_records (session_id, student_id, attended_lessons, status) VALUES ('4a1ffef5-0511-41fa-9d26-10bd0961414a', '78be6cb0-bf17-476f-9bb0-fc31287146c3', 4.0, 'Teilgenommen');
INSERT INTO attendance_records (session_id, student_id, attended_lessons, status) VALUES ('4a1ffef5-0511-41fa-9d26-10bd0961414a', 'b4bbe393-d64b-4a23-a5a9-ff6132fca992', 4.0, 'Teilgenommen');
INSERT INTO attendance_records (session_id, student_id, attended_lessons, status) VALUES ('4a1ffef5-0511-41fa-9d26-10bd0961414a', '25389329-427a-49e9-b7ef-c9dc290b1e71', 4.0, 'Teilgenommen');
INSERT INTO attendance_records (session_id, student_id, attended_lessons, status) VALUES ('4a1ffef5-0511-41fa-9d26-10bd0961414a', '3844f16a-2750-4054-b310-5f96c60da84f', 4.0, 'Teilgenommen');
INSERT INTO attendance_records (session_id, student_id, attended_lessons, status) VALUES ('4a1ffef5-0511-41fa-9d26-10bd0961414a', 'd1ccc585-6cf7-4e52-83f3-1683f631786b', 4.0, 'Teilgenommen');
INSERT INTO attendance_records (session_id, student_id, attended_lessons, status) VALUES ('4a1ffef5-0511-41fa-9d26-10bd0961414a', 'e399d43a-f2f0-4569-bc29-c1c450adfc02', 4.0, 'Teilgenommen');
INSERT INTO attendance_records (session_id, student_id, attended_lessons, status) VALUES ('4a1ffef5-0511-41fa-9d26-10bd0961414a', '8dcec305-b245-457d-91b4-8c66c3efcb12', 4.0, 'Teilgenommen');
INSERT INTO attendance_records (session_id, student_id, attended_lessons, status) VALUES ('4a1ffef5-0511-41fa-9d26-10bd0961414a', '732ddb4f-c15f-42ed-a05e-b5136d78adcb', 4.0, 'Teilgenommen');
INSERT INTO attendance_records (session_id, student_id, attended_lessons, status) VALUES ('4a1ffef5-0511-41fa-9d26-10bd0961414a', 'd237fdb5-11f4-4c16-bc5d-11d359bac105', 4.0, 'Teilgenommen');
INSERT INTO attendance_records (session_id, student_id, attended_lessons, status) VALUES ('4a1ffef5-0511-41fa-9d26-10bd0961414a', 'fb11fb2d-d254-49de-b450-97afe7af33e7', 4.0, 'Teilgenommen');
INSERT INTO attendance_records (session_id, student_id, attended_lessons, status) VALUES ('4a1ffef5-0511-41fa-9d26-10bd0961414a', '9e4547b0-5b88-430b-b60b-19d580efd059', 4.0, 'Teilgenommen');
INSERT INTO attendance_records (session_id, student_id, attended_lessons, status) VALUES ('4a1ffef5-0511-41fa-9d26-10bd0961414a', '9e0bb25e-a6f4-4469-a732-caadc47c1b68', 4.0, 'Teilgenommen');
INSERT INTO attendance_records (session_id, student_id, attended_lessons, status) VALUES ('4a1ffef5-0511-41fa-9d26-10bd0961414a', '36e334ee-a466-4c65-9b34-de3da668faf2', 4.0, 'Teilgenommen');
INSERT INTO attendance_records (session_id, student_id, attended_lessons, status) VALUES ('4a1ffef5-0511-41fa-9d26-10bd0961414a', '3a4d3cdb-3f0a-4638-8407-32c9a58b062d', 4.0, 'Teilgenommen');
INSERT INTO attendance_records (session_id, student_id, attended_lessons, status) VALUES ('4a1ffef5-0511-41fa-9d26-10bd0961414a', '10522cbe-5e94-475a-bb0a-df270feca156', 4.0, 'Teilgenommen');
INSERT INTO attendance_records (session_id, student_id, attended_lessons, status) VALUES ('4a1ffef5-0511-41fa-9d26-10bd0961414a', 'e199b01b-1912-4eec-bf38-9e98670e1b05', 4.0, 'Teilgenommen');
INSERT INTO attendance_records (session_id, student_id, attended_lessons, status) VALUES ('4a1ffef5-0511-41fa-9d26-10bd0961414a', 'c6e75092-b218-4583-8523-658ec68e939d', 4.0, 'Teilgenommen');
INSERT INTO attendance_records (session_id, student_id, attended_lessons, status) VALUES ('4a1ffef5-0511-41fa-9d26-10bd0961414a', 'dcb37d2c-df75-492b-a78e-5806e07d19ac', 4.0, 'Teilgenommen');
INSERT INTO attendance_records (session_id, student_id, attended_lessons, status) VALUES ('4a1ffef5-0511-41fa-9d26-10bd0961414a', '37595fde-d8f5-4d68-b9c0-6c93f9c65844', 4.0, 'Teilgenommen');
INSERT INTO attendance_records (session_id, student_id, attended_lessons, status) VALUES ('4a1ffef5-0511-41fa-9d26-10bd0961414a', '409fcb5c-0736-4f19-9a3c-87971f4e60cc', 4.0, 'Teilgenommen');
INSERT INTO attendance_records (session_id, student_id, attended_lessons, status) VALUES ('4a1ffef5-0511-41fa-9d26-10bd0961414a', '9210b1dc-fa77-485c-b180-e40671b4f186', 4.0, 'Teilgenommen');
INSERT INTO attendance_records (session_id, student_id, attended_lessons, status) VALUES ('4a1ffef5-0511-41fa-9d26-10bd0961414a', '1e52bc40-587f-4788-b2ed-3cee0d47180a', 4.0, 'Teilgenommen');
INSERT INTO attendance_records (session_id, student_id, attended_lessons, status) VALUES ('4a1ffef5-0511-41fa-9d26-10bd0961414a', 'c187e386-80b1-48ac-8c01-7b56db2c527c', 4.0, 'Teilgenommen');
INSERT INTO attendance_records (session_id, student_id, attended_lessons, status) VALUES ('4a1ffef5-0511-41fa-9d26-10bd0961414a', '310ce815-81cd-4d83-b871-5e077f427346', 4.0, 'Teilgenommen');
INSERT INTO attendance_records (session_id, student_id, attended_lessons, status) VALUES ('4a1ffef5-0511-41fa-9d26-10bd0961414a', '032a8c24-3d1e-4713-949c-84a87709cb7e', 4.0, 'Teilgenommen');
INSERT INTO attendance_records (session_id, student_id, attended_lessons, status) VALUES ('4a1ffef5-0511-41fa-9d26-10bd0961414a', '4c12124b-69b6-4822-bcaa-87b86d8b268c', 4.0, 'Teilgenommen');
INSERT INTO class_sessions (id, class_id, session_date, required_lessons) VALUES ('fabf4b86-fccb-40fa-8c57-f9084f065d63', '50157254-719e-4593-b514-314aa4c5b041', '2026-05-08 08:00:00+02', 4.0);
INSERT INTO attendance_records (session_id, student_id, attended_lessons, status) VALUES ('fabf4b86-fccb-40fa-8c57-f9084f065d63', 'a349690e-77ee-47eb-8ce6-923cc4e858cd', 4.0, 'Teilgenommen');
INSERT INTO attendance_records (session_id, student_id, attended_lessons, status) VALUES ('fabf4b86-fccb-40fa-8c57-f9084f065d63', 'be173051-fa05-4349-a61c-2600f221c72f', 4.0, 'Teilgenommen');
INSERT INTO attendance_records (session_id, student_id, attended_lessons, status) VALUES ('fabf4b86-fccb-40fa-8c57-f9084f065d63', 'b10dd8f2-c524-4e72-8bb7-f5cac0a97c16', 4.0, 'Teilgenommen');
INSERT INTO attendance_records (session_id, student_id, attended_lessons, status) VALUES ('fabf4b86-fccb-40fa-8c57-f9084f065d63', '1ffa9063-c8cc-44eb-aff4-2b0e6b9e2e68', 4.0, 'Teilgenommen');
INSERT INTO attendance_records (session_id, student_id, attended_lessons, status) VALUES ('fabf4b86-fccb-40fa-8c57-f9084f065d63', '78be6cb0-bf17-476f-9bb0-fc31287146c3', 4.0, 'Teilgenommen');
INSERT INTO attendance_records (session_id, student_id, attended_lessons, status) VALUES ('fabf4b86-fccb-40fa-8c57-f9084f065d63', 'b4bbe393-d64b-4a23-a5a9-ff6132fca992', 4.0, 'Teilgenommen');
INSERT INTO attendance_records (session_id, student_id, attended_lessons, status) VALUES ('fabf4b86-fccb-40fa-8c57-f9084f065d63', '25389329-427a-49e9-b7ef-c9dc290b1e71', 4.0, 'Teilgenommen');
INSERT INTO attendance_records (session_id, student_id, attended_lessons, status) VALUES ('fabf4b86-fccb-40fa-8c57-f9084f065d63', '3844f16a-2750-4054-b310-5f96c60da84f', 4.0, 'Teilgenommen');
INSERT INTO attendance_records (session_id, student_id, attended_lessons, status) VALUES ('fabf4b86-fccb-40fa-8c57-f9084f065d63', 'd1ccc585-6cf7-4e52-83f3-1683f631786b', 4.0, 'Teilgenommen');
INSERT INTO attendance_records (session_id, student_id, attended_lessons, status) VALUES ('fabf4b86-fccb-40fa-8c57-f9084f065d63', 'e399d43a-f2f0-4569-bc29-c1c450adfc02', 4.0, 'Teilgenommen');
INSERT INTO attendance_records (session_id, student_id, attended_lessons, status) VALUES ('fabf4b86-fccb-40fa-8c57-f9084f065d63', '8dcec305-b245-457d-91b4-8c66c3efcb12', 4.0, 'Teilgenommen');
INSERT INTO attendance_records (session_id, student_id, attended_lessons, status) VALUES ('fabf4b86-fccb-40fa-8c57-f9084f065d63', '732ddb4f-c15f-42ed-a05e-b5136d78adcb', 4.0, 'Teilgenommen');
INSERT INTO attendance_records (session_id, student_id, attended_lessons, status) VALUES ('fabf4b86-fccb-40fa-8c57-f9084f065d63', 'd237fdb5-11f4-4c16-bc5d-11d359bac105', 4.0, 'Teilgenommen');
INSERT INTO attendance_records (session_id, student_id, attended_lessons, status) VALUES ('fabf4b86-fccb-40fa-8c57-f9084f065d63', 'fb11fb2d-d254-49de-b450-97afe7af33e7', 4.0, 'Teilgenommen');
INSERT INTO attendance_records (session_id, student_id, attended_lessons, status) VALUES ('fabf4b86-fccb-40fa-8c57-f9084f065d63', '9e4547b0-5b88-430b-b60b-19d580efd059', 4.0, 'Teilgenommen');
INSERT INTO attendance_records (session_id, student_id, attended_lessons, status) VALUES ('fabf4b86-fccb-40fa-8c57-f9084f065d63', '9e0bb25e-a6f4-4469-a732-caadc47c1b68', 4.0, 'Teilgenommen');
INSERT INTO attendance_records (session_id, student_id, attended_lessons, status) VALUES ('fabf4b86-fccb-40fa-8c57-f9084f065d63', '36e334ee-a466-4c65-9b34-de3da668faf2', 4.0, 'Teilgenommen');
INSERT INTO attendance_records (session_id, student_id, attended_lessons, status) VALUES ('fabf4b86-fccb-40fa-8c57-f9084f065d63', '3a4d3cdb-3f0a-4638-8407-32c9a58b062d', 4.0, 'Teilgenommen');
INSERT INTO attendance_records (session_id, student_id, attended_lessons, status) VALUES ('fabf4b86-fccb-40fa-8c57-f9084f065d63', '10522cbe-5e94-475a-bb0a-df270feca156', 4.0, 'Teilgenommen');
INSERT INTO attendance_records (session_id, student_id, attended_lessons, status) VALUES ('fabf4b86-fccb-40fa-8c57-f9084f065d63', 'e199b01b-1912-4eec-bf38-9e98670e1b05', 4.0, 'Teilgenommen');
INSERT INTO attendance_records (session_id, student_id, attended_lessons, status) VALUES ('fabf4b86-fccb-40fa-8c57-f9084f065d63', 'c6e75092-b218-4583-8523-658ec68e939d', 4.0, 'Teilgenommen');
INSERT INTO attendance_records (session_id, student_id, attended_lessons, status) VALUES ('fabf4b86-fccb-40fa-8c57-f9084f065d63', 'dcb37d2c-df75-492b-a78e-5806e07d19ac', 4.0, 'Teilgenommen');
INSERT INTO attendance_records (session_id, student_id, attended_lessons, status) VALUES ('fabf4b86-fccb-40fa-8c57-f9084f065d63', '37595fde-d8f5-4d68-b9c0-6c93f9c65844', 4.0, 'Teilgenommen');
INSERT INTO attendance_records (session_id, student_id, attended_lessons, status) VALUES ('fabf4b86-fccb-40fa-8c57-f9084f065d63', '409fcb5c-0736-4f19-9a3c-87971f4e60cc', 4.0, 'Teilgenommen');
INSERT INTO attendance_records (session_id, student_id, attended_lessons, status) VALUES ('fabf4b86-fccb-40fa-8c57-f9084f065d63', '9210b1dc-fa77-485c-b180-e40671b4f186', 4.0, 'Teilgenommen');
INSERT INTO attendance_records (session_id, student_id, attended_lessons, status) VALUES ('fabf4b86-fccb-40fa-8c57-f9084f065d63', '1e52bc40-587f-4788-b2ed-3cee0d47180a', 4.0, 'Teilgenommen');
INSERT INTO attendance_records (session_id, student_id, attended_lessons, status) VALUES ('fabf4b86-fccb-40fa-8c57-f9084f065d63', 'c187e386-80b1-48ac-8c01-7b56db2c527c', 4.0, 'Teilgenommen');
INSERT INTO attendance_records (session_id, student_id, attended_lessons, status) VALUES ('fabf4b86-fccb-40fa-8c57-f9084f065d63', '310ce815-81cd-4d83-b871-5e077f427346', 4.0, 'Teilgenommen');
INSERT INTO attendance_records (session_id, student_id, attended_lessons, status) VALUES ('fabf4b86-fccb-40fa-8c57-f9084f065d63', '032a8c24-3d1e-4713-949c-84a87709cb7e', 4.0, 'Teilgenommen');
INSERT INTO attendance_records (session_id, student_id, attended_lessons, status) VALUES ('fabf4b86-fccb-40fa-8c57-f9084f065d63', '4c12124b-69b6-4822-bcaa-87b86d8b268c', 4.0, 'Teilgenommen');
INSERT INTO class_sessions (id, class_id, session_date, required_lessons) VALUES ('46165e98-fa12-4133-8525-68437e619bec', '50157254-719e-4593-b514-314aa4c5b041', '2026-05-09 08:00:00+02', 4.0);
INSERT INTO attendance_records (session_id, student_id, attended_lessons, status) VALUES ('46165e98-fa12-4133-8525-68437e619bec', 'a349690e-77ee-47eb-8ce6-923cc4e858cd', 4.0, 'Teilgenommen');
INSERT INTO attendance_records (session_id, student_id, attended_lessons, status) VALUES ('46165e98-fa12-4133-8525-68437e619bec', 'be173051-fa05-4349-a61c-2600f221c72f', 4.0, 'Teilgenommen');
INSERT INTO attendance_records (session_id, student_id, attended_lessons, status) VALUES ('46165e98-fa12-4133-8525-68437e619bec', 'b10dd8f2-c524-4e72-8bb7-f5cac0a97c16', 4.0, 'Teilgenommen');
INSERT INTO attendance_records (session_id, student_id, attended_lessons, status) VALUES ('46165e98-fa12-4133-8525-68437e619bec', '1ffa9063-c8cc-44eb-aff4-2b0e6b9e2e68', 4.0, 'Teilgenommen');
INSERT INTO attendance_records (session_id, student_id, attended_lessons, status) VALUES ('46165e98-fa12-4133-8525-68437e619bec', '78be6cb0-bf17-476f-9bb0-fc31287146c3', 4.0, 'Teilgenommen');
INSERT INTO attendance_records (session_id, student_id, attended_lessons, status) VALUES ('46165e98-fa12-4133-8525-68437e619bec', 'b4bbe393-d64b-4a23-a5a9-ff6132fca992', 4.0, 'Teilgenommen');
INSERT INTO attendance_records (session_id, student_id, attended_lessons, status) VALUES ('46165e98-fa12-4133-8525-68437e619bec', '25389329-427a-49e9-b7ef-c9dc290b1e71', 4.0, 'Teilgenommen');
INSERT INTO attendance_records (session_id, student_id, attended_lessons, status) VALUES ('46165e98-fa12-4133-8525-68437e619bec', '3844f16a-2750-4054-b310-5f96c60da84f', 4.0, 'Teilgenommen');
INSERT INTO attendance_records (session_id, student_id, attended_lessons, status) VALUES ('46165e98-fa12-4133-8525-68437e619bec', 'd1ccc585-6cf7-4e52-83f3-1683f631786b', 4.0, 'Teilgenommen');
INSERT INTO attendance_records (session_id, student_id, attended_lessons, status) VALUES ('46165e98-fa12-4133-8525-68437e619bec', 'e399d43a-f2f0-4569-bc29-c1c450adfc02', 4.0, 'Teilgenommen');
INSERT INTO attendance_records (session_id, student_id, attended_lessons, status) VALUES ('46165e98-fa12-4133-8525-68437e619bec', '8dcec305-b245-457d-91b4-8c66c3efcb12', 4.0, 'Teilgenommen');
INSERT INTO attendance_records (session_id, student_id, attended_lessons, status) VALUES ('46165e98-fa12-4133-8525-68437e619bec', '732ddb4f-c15f-42ed-a05e-b5136d78adcb', 4.0, 'Teilgenommen');
INSERT INTO attendance_records (session_id, student_id, attended_lessons, status) VALUES ('46165e98-fa12-4133-8525-68437e619bec', 'd237fdb5-11f4-4c16-bc5d-11d359bac105', 4.0, 'Teilgenommen');
INSERT INTO attendance_records (session_id, student_id, attended_lessons, status) VALUES ('46165e98-fa12-4133-8525-68437e619bec', 'fb11fb2d-d254-49de-b450-97afe7af33e7', 4.0, 'Teilgenommen');
INSERT INTO attendance_records (session_id, student_id, attended_lessons, status) VALUES ('46165e98-fa12-4133-8525-68437e619bec', '9e4547b0-5b88-430b-b60b-19d580efd059', 4.0, 'Teilgenommen');
INSERT INTO attendance_records (session_id, student_id, attended_lessons, status) VALUES ('46165e98-fa12-4133-8525-68437e619bec', '9e0bb25e-a6f4-4469-a732-caadc47c1b68', 4.0, 'Teilgenommen');
INSERT INTO attendance_records (session_id, student_id, attended_lessons, status) VALUES ('46165e98-fa12-4133-8525-68437e619bec', '36e334ee-a466-4c65-9b34-de3da668faf2', 4.0, 'Teilgenommen');
INSERT INTO attendance_records (session_id, student_id, attended_lessons, status) VALUES ('46165e98-fa12-4133-8525-68437e619bec', '3a4d3cdb-3f0a-4638-8407-32c9a58b062d', 4.0, 'Teilgenommen');
INSERT INTO attendance_records (session_id, student_id, attended_lessons, status) VALUES ('46165e98-fa12-4133-8525-68437e619bec', '10522cbe-5e94-475a-bb0a-df270feca156', 4.0, 'Teilgenommen');
INSERT INTO attendance_records (session_id, student_id, attended_lessons, status) VALUES ('46165e98-fa12-4133-8525-68437e619bec', 'e199b01b-1912-4eec-bf38-9e98670e1b05', 4.0, 'Teilgenommen');
INSERT INTO attendance_records (session_id, student_id, attended_lessons, status) VALUES ('46165e98-fa12-4133-8525-68437e619bec', 'c6e75092-b218-4583-8523-658ec68e939d', 4.0, 'Teilgenommen');
INSERT INTO attendance_records (session_id, student_id, attended_lessons, status) VALUES ('46165e98-fa12-4133-8525-68437e619bec', 'dcb37d2c-df75-492b-a78e-5806e07d19ac', 4.0, 'Teilgenommen');
INSERT INTO attendance_records (session_id, student_id, attended_lessons, status) VALUES ('46165e98-fa12-4133-8525-68437e619bec', '37595fde-d8f5-4d68-b9c0-6c93f9c65844', 4.0, 'Teilgenommen');
INSERT INTO attendance_records (session_id, student_id, attended_lessons, status) VALUES ('46165e98-fa12-4133-8525-68437e619bec', '409fcb5c-0736-4f19-9a3c-87971f4e60cc', 4.0, 'Teilgenommen');
INSERT INTO attendance_records (session_id, student_id, attended_lessons, status) VALUES ('46165e98-fa12-4133-8525-68437e619bec', '9210b1dc-fa77-485c-b180-e40671b4f186', 4.0, 'Teilgenommen');
INSERT INTO attendance_records (session_id, student_id, attended_lessons, status) VALUES ('46165e98-fa12-4133-8525-68437e619bec', '1e52bc40-587f-4788-b2ed-3cee0d47180a', 4.0, 'Teilgenommen');
INSERT INTO attendance_records (session_id, student_id, attended_lessons, status) VALUES ('46165e98-fa12-4133-8525-68437e619bec', 'c187e386-80b1-48ac-8c01-7b56db2c527c', 4.0, 'Teilgenommen');
INSERT INTO attendance_records (session_id, student_id, attended_lessons, status) VALUES ('46165e98-fa12-4133-8525-68437e619bec', '310ce815-81cd-4d83-b871-5e077f427346', 4.0, 'Teilgenommen');
INSERT INTO attendance_records (session_id, student_id, attended_lessons, status) VALUES ('46165e98-fa12-4133-8525-68437e619bec', '032a8c24-3d1e-4713-949c-84a87709cb7e', 4.0, 'Teilgenommen');
INSERT INTO attendance_records (session_id, student_id, attended_lessons, status) VALUES ('46165e98-fa12-4133-8525-68437e619bec', '4c12124b-69b6-4822-bcaa-87b86d8b268c', 4.0, 'Teilgenommen');
INSERT INTO class_sessions (id, class_id, session_date, required_lessons) VALUES ('d94d4a82-9e53-4904-b043-172b0a74734c', '50157254-719e-4593-b514-314aa4c5b041', '2026-05-10 08:00:00+02', 4.0);
INSERT INTO attendance_records (session_id, student_id, attended_lessons, status) VALUES ('d94d4a82-9e53-4904-b043-172b0a74734c', 'a349690e-77ee-47eb-8ce6-923cc4e858cd', 4.0, 'Teilgenommen');
INSERT INTO attendance_records (session_id, student_id, attended_lessons, status) VALUES ('d94d4a82-9e53-4904-b043-172b0a74734c', 'be173051-fa05-4349-a61c-2600f221c72f', 4.0, 'Teilgenommen');
INSERT INTO attendance_records (session_id, student_id, attended_lessons, status) VALUES ('d94d4a82-9e53-4904-b043-172b0a74734c', 'b10dd8f2-c524-4e72-8bb7-f5cac0a97c16', 4.0, 'Teilgenommen');
INSERT INTO attendance_records (session_id, student_id, attended_lessons, status) VALUES ('d94d4a82-9e53-4904-b043-172b0a74734c', '1ffa9063-c8cc-44eb-aff4-2b0e6b9e2e68', 4.0, 'Teilgenommen');
INSERT INTO attendance_records (session_id, student_id, attended_lessons, status) VALUES ('d94d4a82-9e53-4904-b043-172b0a74734c', '78be6cb0-bf17-476f-9bb0-fc31287146c3', 4.0, 'Teilgenommen');
INSERT INTO attendance_records (session_id, student_id, attended_lessons, status) VALUES ('d94d4a82-9e53-4904-b043-172b0a74734c', 'b4bbe393-d64b-4a23-a5a9-ff6132fca992', 4.0, 'Teilgenommen');
INSERT INTO attendance_records (session_id, student_id, attended_lessons, status) VALUES ('d94d4a82-9e53-4904-b043-172b0a74734c', '25389329-427a-49e9-b7ef-c9dc290b1e71', 4.0, 'Teilgenommen');
INSERT INTO attendance_records (session_id, student_id, attended_lessons, status) VALUES ('d94d4a82-9e53-4904-b043-172b0a74734c', '3844f16a-2750-4054-b310-5f96c60da84f', 4.0, 'Teilgenommen');
INSERT INTO attendance_records (session_id, student_id, attended_lessons, status) VALUES ('d94d4a82-9e53-4904-b043-172b0a74734c', 'd1ccc585-6cf7-4e52-83f3-1683f631786b', 4.0, 'Teilgenommen');
INSERT INTO attendance_records (session_id, student_id, attended_lessons, status) VALUES ('d94d4a82-9e53-4904-b043-172b0a74734c', 'e399d43a-f2f0-4569-bc29-c1c450adfc02', 4.0, 'Teilgenommen');
INSERT INTO attendance_records (session_id, student_id, attended_lessons, status) VALUES ('d94d4a82-9e53-4904-b043-172b0a74734c', '8dcec305-b245-457d-91b4-8c66c3efcb12', 4.0, 'Teilgenommen');
INSERT INTO attendance_records (session_id, student_id, attended_lessons, status) VALUES ('d94d4a82-9e53-4904-b043-172b0a74734c', '732ddb4f-c15f-42ed-a05e-b5136d78adcb', 4.0, 'Teilgenommen');
INSERT INTO attendance_records (session_id, student_id, attended_lessons, status) VALUES ('d94d4a82-9e53-4904-b043-172b0a74734c', 'd237fdb5-11f4-4c16-bc5d-11d359bac105', 4.0, 'Teilgenommen');
INSERT INTO attendance_records (session_id, student_id, attended_lessons, status) VALUES ('d94d4a82-9e53-4904-b043-172b0a74734c', 'fb11fb2d-d254-49de-b450-97afe7af33e7', 4.0, 'Teilgenommen');
INSERT INTO attendance_records (session_id, student_id, attended_lessons, status) VALUES ('d94d4a82-9e53-4904-b043-172b0a74734c', '9e4547b0-5b88-430b-b60b-19d580efd059', 4.0, 'Teilgenommen');
INSERT INTO attendance_records (session_id, student_id, attended_lessons, status) VALUES ('d94d4a82-9e53-4904-b043-172b0a74734c', '9e0bb25e-a6f4-4469-a732-caadc47c1b68', 4.0, 'Teilgenommen');
INSERT INTO attendance_records (session_id, student_id, attended_lessons, status) VALUES ('d94d4a82-9e53-4904-b043-172b0a74734c', '36e334ee-a466-4c65-9b34-de3da668faf2', 4.0, 'Teilgenommen');
INSERT INTO attendance_records (session_id, student_id, attended_lessons, status) VALUES ('d94d4a82-9e53-4904-b043-172b0a74734c', '3a4d3cdb-3f0a-4638-8407-32c9a58b062d', 4.0, 'Teilgenommen');
INSERT INTO attendance_records (session_id, student_id, attended_lessons, status) VALUES ('d94d4a82-9e53-4904-b043-172b0a74734c', '10522cbe-5e94-475a-bb0a-df270feca156', 4.0, 'Teilgenommen');
INSERT INTO attendance_records (session_id, student_id, attended_lessons, status) VALUES ('d94d4a82-9e53-4904-b043-172b0a74734c', 'e199b01b-1912-4eec-bf38-9e98670e1b05', 4.0, 'Teilgenommen');
INSERT INTO attendance_records (session_id, student_id, attended_lessons, status) VALUES ('d94d4a82-9e53-4904-b043-172b0a74734c', 'c6e75092-b218-4583-8523-658ec68e939d', 4.0, 'Teilgenommen');
INSERT INTO attendance_records (session_id, student_id, attended_lessons, status) VALUES ('d94d4a82-9e53-4904-b043-172b0a74734c', 'dcb37d2c-df75-492b-a78e-5806e07d19ac', 4.0, 'Teilgenommen');
INSERT INTO attendance_records (session_id, student_id, attended_lessons, status) VALUES ('d94d4a82-9e53-4904-b043-172b0a74734c', '37595fde-d8f5-4d68-b9c0-6c93f9c65844', 4.0, 'Teilgenommen');
INSERT INTO attendance_records (session_id, student_id, attended_lessons, status) VALUES ('d94d4a82-9e53-4904-b043-172b0a74734c', '409fcb5c-0736-4f19-9a3c-87971f4e60cc', 4.0, 'Teilgenommen');
INSERT INTO attendance_records (session_id, student_id, attended_lessons, status) VALUES ('d94d4a82-9e53-4904-b043-172b0a74734c', '9210b1dc-fa77-485c-b180-e40671b4f186', 4.0, 'Teilgenommen');
INSERT INTO attendance_records (session_id, student_id, attended_lessons, status) VALUES ('d94d4a82-9e53-4904-b043-172b0a74734c', '1e52bc40-587f-4788-b2ed-3cee0d47180a', 4.0, 'Teilgenommen');
INSERT INTO attendance_records (session_id, student_id, attended_lessons, status) VALUES ('d94d4a82-9e53-4904-b043-172b0a74734c', 'c187e386-80b1-48ac-8c01-7b56db2c527c', 4.0, 'Teilgenommen');
INSERT INTO attendance_records (session_id, student_id, attended_lessons, status) VALUES ('d94d4a82-9e53-4904-b043-172b0a74734c', '310ce815-81cd-4d83-b871-5e077f427346', 4.0, 'Teilgenommen');
INSERT INTO attendance_records (session_id, student_id, attended_lessons, status) VALUES ('d94d4a82-9e53-4904-b043-172b0a74734c', '032a8c24-3d1e-4713-949c-84a87709cb7e', 4.0, 'Teilgenommen');
INSERT INTO attendance_records (session_id, student_id, attended_lessons, status) VALUES ('d94d4a82-9e53-4904-b043-172b0a74734c', '4c12124b-69b6-4822-bcaa-87b86d8b268c', 4.0, 'Teilgenommen');
INSERT INTO class_sessions (id, class_id, session_date, required_lessons) VALUES ('b9bf4841-fba7-4873-8157-342097f73437', 'abbdc0e2-8a03-4681-a346-40556dd210dc', '2026-05-01 08:00:00+02', 4.0);
INSERT INTO attendance_records (session_id, student_id, attended_lessons, status) VALUES ('b9bf4841-fba7-4873-8157-342097f73437', 'a349690e-77ee-47eb-8ce6-923cc4e858cd', 4.0, 'Teilgenommen');
INSERT INTO attendance_records (session_id, student_id, attended_lessons, status) VALUES ('b9bf4841-fba7-4873-8157-342097f73437', 'be173051-fa05-4349-a61c-2600f221c72f', 4.0, 'Teilgenommen');
INSERT INTO attendance_records (session_id, student_id, attended_lessons, status) VALUES ('b9bf4841-fba7-4873-8157-342097f73437', 'b10dd8f2-c524-4e72-8bb7-f5cac0a97c16', 4.0, 'Teilgenommen');
INSERT INTO attendance_records (session_id, student_id, attended_lessons, status) VALUES ('b9bf4841-fba7-4873-8157-342097f73437', '1ffa9063-c8cc-44eb-aff4-2b0e6b9e2e68', 4.0, 'Teilgenommen');
INSERT INTO attendance_records (session_id, student_id, attended_lessons, status) VALUES ('b9bf4841-fba7-4873-8157-342097f73437', '78be6cb0-bf17-476f-9bb0-fc31287146c3', 4.0, 'Teilgenommen');
INSERT INTO attendance_records (session_id, student_id, attended_lessons, status) VALUES ('b9bf4841-fba7-4873-8157-342097f73437', 'b4bbe393-d64b-4a23-a5a9-ff6132fca992', 4.0, 'Teilgenommen');
INSERT INTO attendance_records (session_id, student_id, attended_lessons, status) VALUES ('b9bf4841-fba7-4873-8157-342097f73437', '25389329-427a-49e9-b7ef-c9dc290b1e71', 4.0, 'Teilgenommen');
INSERT INTO attendance_records (session_id, student_id, attended_lessons, status) VALUES ('b9bf4841-fba7-4873-8157-342097f73437', '3844f16a-2750-4054-b310-5f96c60da84f', 4.0, 'Teilgenommen');
INSERT INTO attendance_records (session_id, student_id, attended_lessons, status) VALUES ('b9bf4841-fba7-4873-8157-342097f73437', 'd1ccc585-6cf7-4e52-83f3-1683f631786b', 4.0, 'Teilgenommen');
INSERT INTO attendance_records (session_id, student_id, attended_lessons, status) VALUES ('b9bf4841-fba7-4873-8157-342097f73437', 'e399d43a-f2f0-4569-bc29-c1c450adfc02', 4.0, 'Teilgenommen');
INSERT INTO attendance_records (session_id, student_id, attended_lessons, status) VALUES ('b9bf4841-fba7-4873-8157-342097f73437', '8dcec305-b245-457d-91b4-8c66c3efcb12', 4.0, 'Teilgenommen');
INSERT INTO attendance_records (session_id, student_id, attended_lessons, status) VALUES ('b9bf4841-fba7-4873-8157-342097f73437', '732ddb4f-c15f-42ed-a05e-b5136d78adcb', 4.0, 'Teilgenommen');
INSERT INTO attendance_records (session_id, student_id, attended_lessons, status) VALUES ('b9bf4841-fba7-4873-8157-342097f73437', 'd237fdb5-11f4-4c16-bc5d-11d359bac105', 4.0, 'Teilgenommen');
INSERT INTO attendance_records (session_id, student_id, attended_lessons, status) VALUES ('b9bf4841-fba7-4873-8157-342097f73437', 'fb11fb2d-d254-49de-b450-97afe7af33e7', 4.0, 'Teilgenommen');
INSERT INTO attendance_records (session_id, student_id, attended_lessons, status) VALUES ('b9bf4841-fba7-4873-8157-342097f73437', '9e4547b0-5b88-430b-b60b-19d580efd059', 4.0, 'Teilgenommen');
INSERT INTO attendance_records (session_id, student_id, attended_lessons, status) VALUES ('b9bf4841-fba7-4873-8157-342097f73437', '9e0bb25e-a6f4-4469-a732-caadc47c1b68', 4.0, 'Teilgenommen');
INSERT INTO attendance_records (session_id, student_id, attended_lessons, status) VALUES ('b9bf4841-fba7-4873-8157-342097f73437', '36e334ee-a466-4c65-9b34-de3da668faf2', 4.0, 'Teilgenommen');
INSERT INTO attendance_records (session_id, student_id, attended_lessons, status) VALUES ('b9bf4841-fba7-4873-8157-342097f73437', '3a4d3cdb-3f0a-4638-8407-32c9a58b062d', 4.0, 'Teilgenommen');
INSERT INTO attendance_records (session_id, student_id, attended_lessons, status) VALUES ('b9bf4841-fba7-4873-8157-342097f73437', '10522cbe-5e94-475a-bb0a-df270feca156', 4.0, 'Teilgenommen');
INSERT INTO attendance_records (session_id, student_id, attended_lessons, status) VALUES ('b9bf4841-fba7-4873-8157-342097f73437', 'e199b01b-1912-4eec-bf38-9e98670e1b05', 4.0, 'Teilgenommen');
INSERT INTO attendance_records (session_id, student_id, attended_lessons, status) VALUES ('b9bf4841-fba7-4873-8157-342097f73437', 'c6e75092-b218-4583-8523-658ec68e939d', 4.0, 'Teilgenommen');
INSERT INTO attendance_records (session_id, student_id, attended_lessons, status) VALUES ('b9bf4841-fba7-4873-8157-342097f73437', 'dcb37d2c-df75-492b-a78e-5806e07d19ac', 4.0, 'Teilgenommen');
INSERT INTO attendance_records (session_id, student_id, attended_lessons, status) VALUES ('b9bf4841-fba7-4873-8157-342097f73437', '37595fde-d8f5-4d68-b9c0-6c93f9c65844', 4.0, 'Teilgenommen');
INSERT INTO attendance_records (session_id, student_id, attended_lessons, status) VALUES ('b9bf4841-fba7-4873-8157-342097f73437', '409fcb5c-0736-4f19-9a3c-87971f4e60cc', 4.0, 'Teilgenommen');
INSERT INTO attendance_records (session_id, student_id, attended_lessons, status) VALUES ('b9bf4841-fba7-4873-8157-342097f73437', '9210b1dc-fa77-485c-b180-e40671b4f186', 4.0, 'Teilgenommen');
INSERT INTO attendance_records (session_id, student_id, attended_lessons, status) VALUES ('b9bf4841-fba7-4873-8157-342097f73437', '1e52bc40-587f-4788-b2ed-3cee0d47180a', 4.0, 'Teilgenommen');
INSERT INTO attendance_records (session_id, student_id, attended_lessons, status) VALUES ('b9bf4841-fba7-4873-8157-342097f73437', 'c187e386-80b1-48ac-8c01-7b56db2c527c', 4.0, 'Teilgenommen');
INSERT INTO attendance_records (session_id, student_id, attended_lessons, status) VALUES ('b9bf4841-fba7-4873-8157-342097f73437', '310ce815-81cd-4d83-b871-5e077f427346', 4.0, 'Teilgenommen');
INSERT INTO attendance_records (session_id, student_id, attended_lessons, status) VALUES ('b9bf4841-fba7-4873-8157-342097f73437', '032a8c24-3d1e-4713-949c-84a87709cb7e', 4.0, 'Teilgenommen');
INSERT INTO attendance_records (session_id, student_id, attended_lessons, status) VALUES ('b9bf4841-fba7-4873-8157-342097f73437', '4c12124b-69b6-4822-bcaa-87b86d8b268c', 4.0, 'Teilgenommen');
INSERT INTO class_sessions (id, class_id, session_date, required_lessons) VALUES ('fe2d5dd1-773d-454c-a7ed-57ca2f765d29', 'abbdc0e2-8a03-4681-a346-40556dd210dc', '2026-05-02 08:00:00+02', 4.0);
INSERT INTO attendance_records (session_id, student_id, attended_lessons, status) VALUES ('fe2d5dd1-773d-454c-a7ed-57ca2f765d29', 'a349690e-77ee-47eb-8ce6-923cc4e858cd', 4.0, 'Teilgenommen');
INSERT INTO attendance_records (session_id, student_id, attended_lessons, status) VALUES ('fe2d5dd1-773d-454c-a7ed-57ca2f765d29', 'be173051-fa05-4349-a61c-2600f221c72f', 4.0, 'Teilgenommen');
INSERT INTO attendance_records (session_id, student_id, attended_lessons, status) VALUES ('fe2d5dd1-773d-454c-a7ed-57ca2f765d29', 'b10dd8f2-c524-4e72-8bb7-f5cac0a97c16', 4.0, 'Teilgenommen');
INSERT INTO attendance_records (session_id, student_id, attended_lessons, status) VALUES ('fe2d5dd1-773d-454c-a7ed-57ca2f765d29', '1ffa9063-c8cc-44eb-aff4-2b0e6b9e2e68', 4.0, 'Teilgenommen');
INSERT INTO attendance_records (session_id, student_id, attended_lessons, status) VALUES ('fe2d5dd1-773d-454c-a7ed-57ca2f765d29', '78be6cb0-bf17-476f-9bb0-fc31287146c3', 4.0, 'Teilgenommen');
INSERT INTO attendance_records (session_id, student_id, attended_lessons, status) VALUES ('fe2d5dd1-773d-454c-a7ed-57ca2f765d29', 'b4bbe393-d64b-4a23-a5a9-ff6132fca992', 4.0, 'Teilgenommen');
INSERT INTO attendance_records (session_id, student_id, attended_lessons, status) VALUES ('fe2d5dd1-773d-454c-a7ed-57ca2f765d29', '25389329-427a-49e9-b7ef-c9dc290b1e71', 4.0, 'Teilgenommen');
INSERT INTO attendance_records (session_id, student_id, attended_lessons, status) VALUES ('fe2d5dd1-773d-454c-a7ed-57ca2f765d29', '3844f16a-2750-4054-b310-5f96c60da84f', 4.0, 'Teilgenommen');
INSERT INTO attendance_records (session_id, student_id, attended_lessons, status) VALUES ('fe2d5dd1-773d-454c-a7ed-57ca2f765d29', 'd1ccc585-6cf7-4e52-83f3-1683f631786b', 4.0, 'Teilgenommen');
INSERT INTO attendance_records (session_id, student_id, attended_lessons, status) VALUES ('fe2d5dd1-773d-454c-a7ed-57ca2f765d29', 'e399d43a-f2f0-4569-bc29-c1c450adfc02', 4.0, 'Teilgenommen');
INSERT INTO attendance_records (session_id, student_id, attended_lessons, status) VALUES ('fe2d5dd1-773d-454c-a7ed-57ca2f765d29', '8dcec305-b245-457d-91b4-8c66c3efcb12', 4.0, 'Teilgenommen');
INSERT INTO attendance_records (session_id, student_id, attended_lessons, status) VALUES ('fe2d5dd1-773d-454c-a7ed-57ca2f765d29', '732ddb4f-c15f-42ed-a05e-b5136d78adcb', 4.0, 'Teilgenommen');
INSERT INTO attendance_records (session_id, student_id, attended_lessons, status) VALUES ('fe2d5dd1-773d-454c-a7ed-57ca2f765d29', 'd237fdb5-11f4-4c16-bc5d-11d359bac105', 4.0, 'Teilgenommen');
INSERT INTO attendance_records (session_id, student_id, attended_lessons, status) VALUES ('fe2d5dd1-773d-454c-a7ed-57ca2f765d29', 'fb11fb2d-d254-49de-b450-97afe7af33e7', 4.0, 'Teilgenommen');
INSERT INTO attendance_records (session_id, student_id, attended_lessons, status) VALUES ('fe2d5dd1-773d-454c-a7ed-57ca2f765d29', '9e4547b0-5b88-430b-b60b-19d580efd059', 4.0, 'Teilgenommen');
INSERT INTO attendance_records (session_id, student_id, attended_lessons, status) VALUES ('fe2d5dd1-773d-454c-a7ed-57ca2f765d29', '9e0bb25e-a6f4-4469-a732-caadc47c1b68', 4.0, 'Teilgenommen');
INSERT INTO attendance_records (session_id, student_id, attended_lessons, status) VALUES ('fe2d5dd1-773d-454c-a7ed-57ca2f765d29', '36e334ee-a466-4c65-9b34-de3da668faf2', 4.0, 'Teilgenommen');
INSERT INTO attendance_records (session_id, student_id, attended_lessons, status) VALUES ('fe2d5dd1-773d-454c-a7ed-57ca2f765d29', '3a4d3cdb-3f0a-4638-8407-32c9a58b062d', 4.0, 'Teilgenommen');
INSERT INTO attendance_records (session_id, student_id, attended_lessons, status) VALUES ('fe2d5dd1-773d-454c-a7ed-57ca2f765d29', '10522cbe-5e94-475a-bb0a-df270feca156', 4.0, 'Teilgenommen');
INSERT INTO attendance_records (session_id, student_id, attended_lessons, status) VALUES ('fe2d5dd1-773d-454c-a7ed-57ca2f765d29', 'e199b01b-1912-4eec-bf38-9e98670e1b05', 4.0, 'Teilgenommen');
INSERT INTO attendance_records (session_id, student_id, attended_lessons, status) VALUES ('fe2d5dd1-773d-454c-a7ed-57ca2f765d29', 'c6e75092-b218-4583-8523-658ec68e939d', 4.0, 'Teilgenommen');
INSERT INTO attendance_records (session_id, student_id, attended_lessons, status) VALUES ('fe2d5dd1-773d-454c-a7ed-57ca2f765d29', 'dcb37d2c-df75-492b-a78e-5806e07d19ac', 4.0, 'Teilgenommen');
INSERT INTO attendance_records (session_id, student_id, attended_lessons, status) VALUES ('fe2d5dd1-773d-454c-a7ed-57ca2f765d29', '37595fde-d8f5-4d68-b9c0-6c93f9c65844', 4.0, 'Teilgenommen');
INSERT INTO attendance_records (session_id, student_id, attended_lessons, status) VALUES ('fe2d5dd1-773d-454c-a7ed-57ca2f765d29', '409fcb5c-0736-4f19-9a3c-87971f4e60cc', 4.0, 'Teilgenommen');
INSERT INTO attendance_records (session_id, student_id, attended_lessons, status) VALUES ('fe2d5dd1-773d-454c-a7ed-57ca2f765d29', '9210b1dc-fa77-485c-b180-e40671b4f186', 4.0, 'Teilgenommen');
INSERT INTO attendance_records (session_id, student_id, attended_lessons, status) VALUES ('fe2d5dd1-773d-454c-a7ed-57ca2f765d29', '1e52bc40-587f-4788-b2ed-3cee0d47180a', 4.0, 'Teilgenommen');
INSERT INTO attendance_records (session_id, student_id, attended_lessons, status) VALUES ('fe2d5dd1-773d-454c-a7ed-57ca2f765d29', 'c187e386-80b1-48ac-8c01-7b56db2c527c', 4.0, 'Teilgenommen');
INSERT INTO attendance_records (session_id, student_id, attended_lessons, status) VALUES ('fe2d5dd1-773d-454c-a7ed-57ca2f765d29', '310ce815-81cd-4d83-b871-5e077f427346', 4.0, 'Teilgenommen');
INSERT INTO attendance_records (session_id, student_id, attended_lessons, status) VALUES ('fe2d5dd1-773d-454c-a7ed-57ca2f765d29', '032a8c24-3d1e-4713-949c-84a87709cb7e', 4.0, 'Teilgenommen');
INSERT INTO attendance_records (session_id, student_id, attended_lessons, status) VALUES ('fe2d5dd1-773d-454c-a7ed-57ca2f765d29', '4c12124b-69b6-4822-bcaa-87b86d8b268c', 4.0, 'Teilgenommen');
INSERT INTO class_sessions (id, class_id, session_date, required_lessons) VALUES ('9b438680-f972-4ebb-8abc-a31c751ca582', 'abbdc0e2-8a03-4681-a346-40556dd210dc', '2026-05-03 08:00:00+02', 4.0);
INSERT INTO attendance_records (session_id, student_id, attended_lessons, status) VALUES ('9b438680-f972-4ebb-8abc-a31c751ca582', 'a349690e-77ee-47eb-8ce6-923cc4e858cd', 4.0, 'Teilgenommen');
INSERT INTO attendance_records (session_id, student_id, attended_lessons, status) VALUES ('9b438680-f972-4ebb-8abc-a31c751ca582', 'be173051-fa05-4349-a61c-2600f221c72f', 4.0, 'Teilgenommen');
INSERT INTO attendance_records (session_id, student_id, attended_lessons, status) VALUES ('9b438680-f972-4ebb-8abc-a31c751ca582', 'b10dd8f2-c524-4e72-8bb7-f5cac0a97c16', 4.0, 'Teilgenommen');
INSERT INTO attendance_records (session_id, student_id, attended_lessons, status) VALUES ('9b438680-f972-4ebb-8abc-a31c751ca582', '1ffa9063-c8cc-44eb-aff4-2b0e6b9e2e68', 4.0, 'Teilgenommen');
INSERT INTO attendance_records (session_id, student_id, attended_lessons, status) VALUES ('9b438680-f972-4ebb-8abc-a31c751ca582', '78be6cb0-bf17-476f-9bb0-fc31287146c3', 4.0, 'Teilgenommen');
INSERT INTO attendance_records (session_id, student_id, attended_lessons, status) VALUES ('9b438680-f972-4ebb-8abc-a31c751ca582', 'b4bbe393-d64b-4a23-a5a9-ff6132fca992', 4.0, 'Teilgenommen');
INSERT INTO attendance_records (session_id, student_id, attended_lessons, status) VALUES ('9b438680-f972-4ebb-8abc-a31c751ca582', '25389329-427a-49e9-b7ef-c9dc290b1e71', 4.0, 'Teilgenommen');
INSERT INTO attendance_records (session_id, student_id, attended_lessons, status) VALUES ('9b438680-f972-4ebb-8abc-a31c751ca582', '3844f16a-2750-4054-b310-5f96c60da84f', 4.0, 'Teilgenommen');
INSERT INTO attendance_records (session_id, student_id, attended_lessons, status) VALUES ('9b438680-f972-4ebb-8abc-a31c751ca582', 'd1ccc585-6cf7-4e52-83f3-1683f631786b', 4.0, 'Teilgenommen');
INSERT INTO attendance_records (session_id, student_id, attended_lessons, status) VALUES ('9b438680-f972-4ebb-8abc-a31c751ca582', 'e399d43a-f2f0-4569-bc29-c1c450adfc02', 4.0, 'Teilgenommen');
INSERT INTO attendance_records (session_id, student_id, attended_lessons, status) VALUES ('9b438680-f972-4ebb-8abc-a31c751ca582', '8dcec305-b245-457d-91b4-8c66c3efcb12', 4.0, 'Teilgenommen');
INSERT INTO attendance_records (session_id, student_id, attended_lessons, status) VALUES ('9b438680-f972-4ebb-8abc-a31c751ca582', '732ddb4f-c15f-42ed-a05e-b5136d78adcb', 4.0, 'Teilgenommen');
INSERT INTO attendance_records (session_id, student_id, attended_lessons, status) VALUES ('9b438680-f972-4ebb-8abc-a31c751ca582', 'd237fdb5-11f4-4c16-bc5d-11d359bac105', 4.0, 'Teilgenommen');
INSERT INTO attendance_records (session_id, student_id, attended_lessons, status) VALUES ('9b438680-f972-4ebb-8abc-a31c751ca582', 'fb11fb2d-d254-49de-b450-97afe7af33e7', 4.0, 'Teilgenommen');
INSERT INTO attendance_records (session_id, student_id, attended_lessons, status) VALUES ('9b438680-f972-4ebb-8abc-a31c751ca582', '9e4547b0-5b88-430b-b60b-19d580efd059', 4.0, 'Teilgenommen');
INSERT INTO attendance_records (session_id, student_id, attended_lessons, status) VALUES ('9b438680-f972-4ebb-8abc-a31c751ca582', '9e0bb25e-a6f4-4469-a732-caadc47c1b68', 4.0, 'Teilgenommen');
INSERT INTO attendance_records (session_id, student_id, attended_lessons, status) VALUES ('9b438680-f972-4ebb-8abc-a31c751ca582', '36e334ee-a466-4c65-9b34-de3da668faf2', 4.0, 'Teilgenommen');
INSERT INTO attendance_records (session_id, student_id, attended_lessons, status) VALUES ('9b438680-f972-4ebb-8abc-a31c751ca582', '3a4d3cdb-3f0a-4638-8407-32c9a58b062d', 4.0, 'Teilgenommen');
INSERT INTO attendance_records (session_id, student_id, attended_lessons, status) VALUES ('9b438680-f972-4ebb-8abc-a31c751ca582', '10522cbe-5e94-475a-bb0a-df270feca156', 4.0, 'Teilgenommen');
INSERT INTO attendance_records (session_id, student_id, attended_lessons, status) VALUES ('9b438680-f972-4ebb-8abc-a31c751ca582', 'e199b01b-1912-4eec-bf38-9e98670e1b05', 4.0, 'Teilgenommen');
INSERT INTO attendance_records (session_id, student_id, attended_lessons, status) VALUES ('9b438680-f972-4ebb-8abc-a31c751ca582', 'c6e75092-b218-4583-8523-658ec68e939d', 4.0, 'Teilgenommen');
INSERT INTO attendance_records (session_id, student_id, attended_lessons, status) VALUES ('9b438680-f972-4ebb-8abc-a31c751ca582', 'dcb37d2c-df75-492b-a78e-5806e07d19ac', 4.0, 'Teilgenommen');
INSERT INTO attendance_records (session_id, student_id, attended_lessons, status) VALUES ('9b438680-f972-4ebb-8abc-a31c751ca582', '37595fde-d8f5-4d68-b9c0-6c93f9c65844', 4.0, 'Teilgenommen');
INSERT INTO attendance_records (session_id, student_id, attended_lessons, status) VALUES ('9b438680-f972-4ebb-8abc-a31c751ca582', '409fcb5c-0736-4f19-9a3c-87971f4e60cc', 4.0, 'Teilgenommen');
INSERT INTO attendance_records (session_id, student_id, attended_lessons, status) VALUES ('9b438680-f972-4ebb-8abc-a31c751ca582', '9210b1dc-fa77-485c-b180-e40671b4f186', 4.0, 'Teilgenommen');
INSERT INTO attendance_records (session_id, student_id, attended_lessons, status) VALUES ('9b438680-f972-4ebb-8abc-a31c751ca582', '1e52bc40-587f-4788-b2ed-3cee0d47180a', 4.0, 'Teilgenommen');
INSERT INTO attendance_records (session_id, student_id, attended_lessons, status) VALUES ('9b438680-f972-4ebb-8abc-a31c751ca582', 'c187e386-80b1-48ac-8c01-7b56db2c527c', 4.0, 'Teilgenommen');
INSERT INTO attendance_records (session_id, student_id, attended_lessons, status) VALUES ('9b438680-f972-4ebb-8abc-a31c751ca582', '310ce815-81cd-4d83-b871-5e077f427346', 4.0, 'Teilgenommen');
INSERT INTO attendance_records (session_id, student_id, attended_lessons, status) VALUES ('9b438680-f972-4ebb-8abc-a31c751ca582', '032a8c24-3d1e-4713-949c-84a87709cb7e', 4.0, 'Teilgenommen');
INSERT INTO attendance_records (session_id, student_id, attended_lessons, status) VALUES ('9b438680-f972-4ebb-8abc-a31c751ca582', '4c12124b-69b6-4822-bcaa-87b86d8b268c', 4.0, 'Teilgenommen');
INSERT INTO class_sessions (id, class_id, session_date, required_lessons) VALUES ('e2197947-8846-4cc9-831c-834b769cc5f9', 'abbdc0e2-8a03-4681-a346-40556dd210dc', '2026-05-04 08:00:00+02', 4.0);
INSERT INTO attendance_records (session_id, student_id, attended_lessons, status) VALUES ('e2197947-8846-4cc9-831c-834b769cc5f9', 'a349690e-77ee-47eb-8ce6-923cc4e858cd', 4.0, 'Teilgenommen');
INSERT INTO attendance_records (session_id, student_id, attended_lessons, status) VALUES ('e2197947-8846-4cc9-831c-834b769cc5f9', 'be173051-fa05-4349-a61c-2600f221c72f', 4.0, 'Teilgenommen');
INSERT INTO attendance_records (session_id, student_id, attended_lessons, status) VALUES ('e2197947-8846-4cc9-831c-834b769cc5f9', 'b10dd8f2-c524-4e72-8bb7-f5cac0a97c16', 4.0, 'Teilgenommen');
INSERT INTO attendance_records (session_id, student_id, attended_lessons, status) VALUES ('e2197947-8846-4cc9-831c-834b769cc5f9', '1ffa9063-c8cc-44eb-aff4-2b0e6b9e2e68', 4.0, 'Teilgenommen');
INSERT INTO attendance_records (session_id, student_id, attended_lessons, status) VALUES ('e2197947-8846-4cc9-831c-834b769cc5f9', '78be6cb0-bf17-476f-9bb0-fc31287146c3', 4.0, 'Teilgenommen');
INSERT INTO attendance_records (session_id, student_id, attended_lessons, status) VALUES ('e2197947-8846-4cc9-831c-834b769cc5f9', 'b4bbe393-d64b-4a23-a5a9-ff6132fca992', 4.0, 'Teilgenommen');
INSERT INTO attendance_records (session_id, student_id, attended_lessons, status) VALUES ('e2197947-8846-4cc9-831c-834b769cc5f9', '25389329-427a-49e9-b7ef-c9dc290b1e71', 4.0, 'Teilgenommen');
INSERT INTO attendance_records (session_id, student_id, attended_lessons, status) VALUES ('e2197947-8846-4cc9-831c-834b769cc5f9', '3844f16a-2750-4054-b310-5f96c60da84f', 4.0, 'Teilgenommen');
INSERT INTO attendance_records (session_id, student_id, attended_lessons, status) VALUES ('e2197947-8846-4cc9-831c-834b769cc5f9', 'd1ccc585-6cf7-4e52-83f3-1683f631786b', 4.0, 'Teilgenommen');
INSERT INTO attendance_records (session_id, student_id, attended_lessons, status) VALUES ('e2197947-8846-4cc9-831c-834b769cc5f9', 'e399d43a-f2f0-4569-bc29-c1c450adfc02', 4.0, 'Teilgenommen');
INSERT INTO attendance_records (session_id, student_id, attended_lessons, status) VALUES ('e2197947-8846-4cc9-831c-834b769cc5f9', '8dcec305-b245-457d-91b4-8c66c3efcb12', 4.0, 'Teilgenommen');
INSERT INTO attendance_records (session_id, student_id, attended_lessons, status) VALUES ('e2197947-8846-4cc9-831c-834b769cc5f9', '732ddb4f-c15f-42ed-a05e-b5136d78adcb', 4.0, 'Teilgenommen');
INSERT INTO attendance_records (session_id, student_id, attended_lessons, status) VALUES ('e2197947-8846-4cc9-831c-834b769cc5f9', 'd237fdb5-11f4-4c16-bc5d-11d359bac105', 4.0, 'Teilgenommen');
INSERT INTO attendance_records (session_id, student_id, attended_lessons, status) VALUES ('e2197947-8846-4cc9-831c-834b769cc5f9', 'fb11fb2d-d254-49de-b450-97afe7af33e7', 4.0, 'Teilgenommen');
INSERT INTO attendance_records (session_id, student_id, attended_lessons, status) VALUES ('e2197947-8846-4cc9-831c-834b769cc5f9', '9e4547b0-5b88-430b-b60b-19d580efd059', 4.0, 'Teilgenommen');
INSERT INTO attendance_records (session_id, student_id, attended_lessons, status) VALUES ('e2197947-8846-4cc9-831c-834b769cc5f9', '9e0bb25e-a6f4-4469-a732-caadc47c1b68', 4.0, 'Teilgenommen');
INSERT INTO attendance_records (session_id, student_id, attended_lessons, status) VALUES ('e2197947-8846-4cc9-831c-834b769cc5f9', '36e334ee-a466-4c65-9b34-de3da668faf2', 4.0, 'Teilgenommen');
INSERT INTO attendance_records (session_id, student_id, attended_lessons, status) VALUES ('e2197947-8846-4cc9-831c-834b769cc5f9', '3a4d3cdb-3f0a-4638-8407-32c9a58b062d', 4.0, 'Teilgenommen');
INSERT INTO attendance_records (session_id, student_id, attended_lessons, status) VALUES ('e2197947-8846-4cc9-831c-834b769cc5f9', '10522cbe-5e94-475a-bb0a-df270feca156', 4.0, 'Teilgenommen');
INSERT INTO attendance_records (session_id, student_id, attended_lessons, status) VALUES ('e2197947-8846-4cc9-831c-834b769cc5f9', 'e199b01b-1912-4eec-bf38-9e98670e1b05', 4.0, 'Teilgenommen');
INSERT INTO attendance_records (session_id, student_id, attended_lessons, status) VALUES ('e2197947-8846-4cc9-831c-834b769cc5f9', 'c6e75092-b218-4583-8523-658ec68e939d', 4.0, 'Teilgenommen');
INSERT INTO attendance_records (session_id, student_id, attended_lessons, status) VALUES ('e2197947-8846-4cc9-831c-834b769cc5f9', 'dcb37d2c-df75-492b-a78e-5806e07d19ac', 4.0, 'Teilgenommen');
INSERT INTO attendance_records (session_id, student_id, attended_lessons, status) VALUES ('e2197947-8846-4cc9-831c-834b769cc5f9', '37595fde-d8f5-4d68-b9c0-6c93f9c65844', 4.0, 'Teilgenommen');
INSERT INTO attendance_records (session_id, student_id, attended_lessons, status) VALUES ('e2197947-8846-4cc9-831c-834b769cc5f9', '409fcb5c-0736-4f19-9a3c-87971f4e60cc', 4.0, 'Teilgenommen');
INSERT INTO attendance_records (session_id, student_id, attended_lessons, status) VALUES ('e2197947-8846-4cc9-831c-834b769cc5f9', '9210b1dc-fa77-485c-b180-e40671b4f186', 4.0, 'Teilgenommen');
INSERT INTO attendance_records (session_id, student_id, attended_lessons, status) VALUES ('e2197947-8846-4cc9-831c-834b769cc5f9', '1e52bc40-587f-4788-b2ed-3cee0d47180a', 4.0, 'Teilgenommen');
INSERT INTO attendance_records (session_id, student_id, attended_lessons, status) VALUES ('e2197947-8846-4cc9-831c-834b769cc5f9', 'c187e386-80b1-48ac-8c01-7b56db2c527c', 4.0, 'Teilgenommen');
INSERT INTO attendance_records (session_id, student_id, attended_lessons, status) VALUES ('e2197947-8846-4cc9-831c-834b769cc5f9', '310ce815-81cd-4d83-b871-5e077f427346', 4.0, 'Teilgenommen');
INSERT INTO attendance_records (session_id, student_id, attended_lessons, status) VALUES ('e2197947-8846-4cc9-831c-834b769cc5f9', '032a8c24-3d1e-4713-949c-84a87709cb7e', 4.0, 'Teilgenommen');
INSERT INTO attendance_records (session_id, student_id, attended_lessons, status) VALUES ('e2197947-8846-4cc9-831c-834b769cc5f9', '4c12124b-69b6-4822-bcaa-87b86d8b268c', 4.0, 'Teilgenommen');
INSERT INTO class_sessions (id, class_id, session_date, required_lessons) VALUES ('22db9c5a-2213-4d89-b7e9-7f2a44c4f9c3', 'abbdc0e2-8a03-4681-a346-40556dd210dc', '2026-05-05 08:00:00+02', 4.0);
INSERT INTO attendance_records (session_id, student_id, attended_lessons, status) VALUES ('22db9c5a-2213-4d89-b7e9-7f2a44c4f9c3', 'a349690e-77ee-47eb-8ce6-923cc4e858cd', 4.0, 'Teilgenommen');
INSERT INTO attendance_records (session_id, student_id, attended_lessons, status) VALUES ('22db9c5a-2213-4d89-b7e9-7f2a44c4f9c3', 'be173051-fa05-4349-a61c-2600f221c72f', 4.0, 'Teilgenommen');
INSERT INTO attendance_records (session_id, student_id, attended_lessons, status) VALUES ('22db9c5a-2213-4d89-b7e9-7f2a44c4f9c3', 'b10dd8f2-c524-4e72-8bb7-f5cac0a97c16', 4.0, 'Teilgenommen');
INSERT INTO attendance_records (session_id, student_id, attended_lessons, status) VALUES ('22db9c5a-2213-4d89-b7e9-7f2a44c4f9c3', '1ffa9063-c8cc-44eb-aff4-2b0e6b9e2e68', 4.0, 'Teilgenommen');
INSERT INTO attendance_records (session_id, student_id, attended_lessons, status) VALUES ('22db9c5a-2213-4d89-b7e9-7f2a44c4f9c3', '78be6cb0-bf17-476f-9bb0-fc31287146c3', 4.0, 'Teilgenommen');
INSERT INTO attendance_records (session_id, student_id, attended_lessons, status) VALUES ('22db9c5a-2213-4d89-b7e9-7f2a44c4f9c3', 'b4bbe393-d64b-4a23-a5a9-ff6132fca992', 4.0, 'Teilgenommen');
INSERT INTO attendance_records (session_id, student_id, attended_lessons, status) VALUES ('22db9c5a-2213-4d89-b7e9-7f2a44c4f9c3', '25389329-427a-49e9-b7ef-c9dc290b1e71', 4.0, 'Teilgenommen');
INSERT INTO attendance_records (session_id, student_id, attended_lessons, status) VALUES ('22db9c5a-2213-4d89-b7e9-7f2a44c4f9c3', '3844f16a-2750-4054-b310-5f96c60da84f', 4.0, 'Teilgenommen');
INSERT INTO attendance_records (session_id, student_id, attended_lessons, status) VALUES ('22db9c5a-2213-4d89-b7e9-7f2a44c4f9c3', 'd1ccc585-6cf7-4e52-83f3-1683f631786b', 4.0, 'Teilgenommen');
INSERT INTO attendance_records (session_id, student_id, attended_lessons, status) VALUES ('22db9c5a-2213-4d89-b7e9-7f2a44c4f9c3', 'e399d43a-f2f0-4569-bc29-c1c450adfc02', 4.0, 'Teilgenommen');
INSERT INTO attendance_records (session_id, student_id, attended_lessons, status) VALUES ('22db9c5a-2213-4d89-b7e9-7f2a44c4f9c3', '8dcec305-b245-457d-91b4-8c66c3efcb12', 4.0, 'Teilgenommen');
INSERT INTO attendance_records (session_id, student_id, attended_lessons, status) VALUES ('22db9c5a-2213-4d89-b7e9-7f2a44c4f9c3', '732ddb4f-c15f-42ed-a05e-b5136d78adcb', 4.0, 'Teilgenommen');
INSERT INTO attendance_records (session_id, student_id, attended_lessons, status) VALUES ('22db9c5a-2213-4d89-b7e9-7f2a44c4f9c3', 'd237fdb5-11f4-4c16-bc5d-11d359bac105', 4.0, 'Teilgenommen');
INSERT INTO attendance_records (session_id, student_id, attended_lessons, status) VALUES ('22db9c5a-2213-4d89-b7e9-7f2a44c4f9c3', 'fb11fb2d-d254-49de-b450-97afe7af33e7', 4.0, 'Teilgenommen');
INSERT INTO attendance_records (session_id, student_id, attended_lessons, status) VALUES ('22db9c5a-2213-4d89-b7e9-7f2a44c4f9c3', '9e4547b0-5b88-430b-b60b-19d580efd059', 4.0, 'Teilgenommen');
INSERT INTO attendance_records (session_id, student_id, attended_lessons, status) VALUES ('22db9c5a-2213-4d89-b7e9-7f2a44c4f9c3', '9e0bb25e-a6f4-4469-a732-caadc47c1b68', 4.0, 'Teilgenommen');
INSERT INTO attendance_records (session_id, student_id, attended_lessons, status) VALUES ('22db9c5a-2213-4d89-b7e9-7f2a44c4f9c3', '36e334ee-a466-4c65-9b34-de3da668faf2', 4.0, 'Teilgenommen');
INSERT INTO attendance_records (session_id, student_id, attended_lessons, status) VALUES ('22db9c5a-2213-4d89-b7e9-7f2a44c4f9c3', '3a4d3cdb-3f0a-4638-8407-32c9a58b062d', 4.0, 'Teilgenommen');
INSERT INTO attendance_records (session_id, student_id, attended_lessons, status) VALUES ('22db9c5a-2213-4d89-b7e9-7f2a44c4f9c3', '10522cbe-5e94-475a-bb0a-df270feca156', 4.0, 'Teilgenommen');
INSERT INTO attendance_records (session_id, student_id, attended_lessons, status) VALUES ('22db9c5a-2213-4d89-b7e9-7f2a44c4f9c3', 'e199b01b-1912-4eec-bf38-9e98670e1b05', 4.0, 'Teilgenommen');
INSERT INTO attendance_records (session_id, student_id, attended_lessons, status) VALUES ('22db9c5a-2213-4d89-b7e9-7f2a44c4f9c3', 'c6e75092-b218-4583-8523-658ec68e939d', 4.0, 'Teilgenommen');
INSERT INTO attendance_records (session_id, student_id, attended_lessons, status) VALUES ('22db9c5a-2213-4d89-b7e9-7f2a44c4f9c3', 'dcb37d2c-df75-492b-a78e-5806e07d19ac', 4.0, 'Teilgenommen');
INSERT INTO attendance_records (session_id, student_id, attended_lessons, status) VALUES ('22db9c5a-2213-4d89-b7e9-7f2a44c4f9c3', '37595fde-d8f5-4d68-b9c0-6c93f9c65844', 4.0, 'Teilgenommen');
INSERT INTO attendance_records (session_id, student_id, attended_lessons, status) VALUES ('22db9c5a-2213-4d89-b7e9-7f2a44c4f9c3', '409fcb5c-0736-4f19-9a3c-87971f4e60cc', 4.0, 'Teilgenommen');
INSERT INTO attendance_records (session_id, student_id, attended_lessons, status) VALUES ('22db9c5a-2213-4d89-b7e9-7f2a44c4f9c3', '9210b1dc-fa77-485c-b180-e40671b4f186', 4.0, 'Teilgenommen');
INSERT INTO attendance_records (session_id, student_id, attended_lessons, status) VALUES ('22db9c5a-2213-4d89-b7e9-7f2a44c4f9c3', '1e52bc40-587f-4788-b2ed-3cee0d47180a', 4.0, 'Teilgenommen');
INSERT INTO attendance_records (session_id, student_id, attended_lessons, status) VALUES ('22db9c5a-2213-4d89-b7e9-7f2a44c4f9c3', 'c187e386-80b1-48ac-8c01-7b56db2c527c', 4.0, 'Teilgenommen');
INSERT INTO attendance_records (session_id, student_id, attended_lessons, status) VALUES ('22db9c5a-2213-4d89-b7e9-7f2a44c4f9c3', '310ce815-81cd-4d83-b871-5e077f427346', 4.0, 'Teilgenommen');
INSERT INTO attendance_records (session_id, student_id, attended_lessons, status) VALUES ('22db9c5a-2213-4d89-b7e9-7f2a44c4f9c3', '032a8c24-3d1e-4713-949c-84a87709cb7e', 4.0, 'Teilgenommen');
INSERT INTO attendance_records (session_id, student_id, attended_lessons, status) VALUES ('22db9c5a-2213-4d89-b7e9-7f2a44c4f9c3', '4c12124b-69b6-4822-bcaa-87b86d8b268c', 4.0, 'Teilgenommen');
INSERT INTO class_sessions (id, class_id, session_date, required_lessons) VALUES ('bbc64820-939b-4220-b678-1b429dbc985c', 'abbdc0e2-8a03-4681-a346-40556dd210dc', '2026-05-06 08:00:00+02', 4.0);
INSERT INTO attendance_records (session_id, student_id, attended_lessons, status) VALUES ('bbc64820-939b-4220-b678-1b429dbc985c', 'a349690e-77ee-47eb-8ce6-923cc4e858cd', 4.0, 'Teilgenommen');
INSERT INTO attendance_records (session_id, student_id, attended_lessons, status) VALUES ('bbc64820-939b-4220-b678-1b429dbc985c', 'be173051-fa05-4349-a61c-2600f221c72f', 4.0, 'Teilgenommen');
INSERT INTO attendance_records (session_id, student_id, attended_lessons, status) VALUES ('bbc64820-939b-4220-b678-1b429dbc985c', 'b10dd8f2-c524-4e72-8bb7-f5cac0a97c16', 4.0, 'Teilgenommen');
INSERT INTO attendance_records (session_id, student_id, attended_lessons, status) VALUES ('bbc64820-939b-4220-b678-1b429dbc985c', '1ffa9063-c8cc-44eb-aff4-2b0e6b9e2e68', 4.0, 'Teilgenommen');
INSERT INTO attendance_records (session_id, student_id, attended_lessons, status) VALUES ('bbc64820-939b-4220-b678-1b429dbc985c', '78be6cb0-bf17-476f-9bb0-fc31287146c3', 4.0, 'Teilgenommen');
INSERT INTO attendance_records (session_id, student_id, attended_lessons, status) VALUES ('bbc64820-939b-4220-b678-1b429dbc985c', 'b4bbe393-d64b-4a23-a5a9-ff6132fca992', 4.0, 'Teilgenommen');
INSERT INTO attendance_records (session_id, student_id, attended_lessons, status) VALUES ('bbc64820-939b-4220-b678-1b429dbc985c', '25389329-427a-49e9-b7ef-c9dc290b1e71', 4.0, 'Teilgenommen');
INSERT INTO attendance_records (session_id, student_id, attended_lessons, status) VALUES ('bbc64820-939b-4220-b678-1b429dbc985c', '3844f16a-2750-4054-b310-5f96c60da84f', 4.0, 'Teilgenommen');
INSERT INTO attendance_records (session_id, student_id, attended_lessons, status) VALUES ('bbc64820-939b-4220-b678-1b429dbc985c', 'd1ccc585-6cf7-4e52-83f3-1683f631786b', 4.0, 'Teilgenommen');
INSERT INTO attendance_records (session_id, student_id, attended_lessons, status) VALUES ('bbc64820-939b-4220-b678-1b429dbc985c', 'e399d43a-f2f0-4569-bc29-c1c450adfc02', 4.0, 'Teilgenommen');
INSERT INTO attendance_records (session_id, student_id, attended_lessons, status) VALUES ('bbc64820-939b-4220-b678-1b429dbc985c', '8dcec305-b245-457d-91b4-8c66c3efcb12', 4.0, 'Teilgenommen');
INSERT INTO attendance_records (session_id, student_id, attended_lessons, status) VALUES ('bbc64820-939b-4220-b678-1b429dbc985c', '732ddb4f-c15f-42ed-a05e-b5136d78adcb', 4.0, 'Teilgenommen');
INSERT INTO attendance_records (session_id, student_id, attended_lessons, status) VALUES ('bbc64820-939b-4220-b678-1b429dbc985c', 'd237fdb5-11f4-4c16-bc5d-11d359bac105', 4.0, 'Teilgenommen');
INSERT INTO attendance_records (session_id, student_id, attended_lessons, status) VALUES ('bbc64820-939b-4220-b678-1b429dbc985c', 'fb11fb2d-d254-49de-b450-97afe7af33e7', 4.0, 'Teilgenommen');
INSERT INTO attendance_records (session_id, student_id, attended_lessons, status) VALUES ('bbc64820-939b-4220-b678-1b429dbc985c', '9e4547b0-5b88-430b-b60b-19d580efd059', 4.0, 'Teilgenommen');
INSERT INTO attendance_records (session_id, student_id, attended_lessons, status) VALUES ('bbc64820-939b-4220-b678-1b429dbc985c', '9e0bb25e-a6f4-4469-a732-caadc47c1b68', 4.0, 'Teilgenommen');
INSERT INTO attendance_records (session_id, student_id, attended_lessons, status) VALUES ('bbc64820-939b-4220-b678-1b429dbc985c', '36e334ee-a466-4c65-9b34-de3da668faf2', 4.0, 'Teilgenommen');
INSERT INTO attendance_records (session_id, student_id, attended_lessons, status) VALUES ('bbc64820-939b-4220-b678-1b429dbc985c', '3a4d3cdb-3f0a-4638-8407-32c9a58b062d', 4.0, 'Teilgenommen');
INSERT INTO attendance_records (session_id, student_id, attended_lessons, status) VALUES ('bbc64820-939b-4220-b678-1b429dbc985c', '10522cbe-5e94-475a-bb0a-df270feca156', 4.0, 'Teilgenommen');
INSERT INTO attendance_records (session_id, student_id, attended_lessons, status) VALUES ('bbc64820-939b-4220-b678-1b429dbc985c', 'e199b01b-1912-4eec-bf38-9e98670e1b05', 4.0, 'Teilgenommen');
INSERT INTO attendance_records (session_id, student_id, attended_lessons, status) VALUES ('bbc64820-939b-4220-b678-1b429dbc985c', 'c6e75092-b218-4583-8523-658ec68e939d', 4.0, 'Teilgenommen');
INSERT INTO attendance_records (session_id, student_id, attended_lessons, status) VALUES ('bbc64820-939b-4220-b678-1b429dbc985c', 'dcb37d2c-df75-492b-a78e-5806e07d19ac', 4.0, 'Teilgenommen');
INSERT INTO attendance_records (session_id, student_id, attended_lessons, status) VALUES ('bbc64820-939b-4220-b678-1b429dbc985c', '37595fde-d8f5-4d68-b9c0-6c93f9c65844', 4.0, 'Teilgenommen');
INSERT INTO attendance_records (session_id, student_id, attended_lessons, status) VALUES ('bbc64820-939b-4220-b678-1b429dbc985c', '409fcb5c-0736-4f19-9a3c-87971f4e60cc', 4.0, 'Teilgenommen');
INSERT INTO attendance_records (session_id, student_id, attended_lessons, status) VALUES ('bbc64820-939b-4220-b678-1b429dbc985c', '9210b1dc-fa77-485c-b180-e40671b4f186', 4.0, 'Teilgenommen');
INSERT INTO attendance_records (session_id, student_id, attended_lessons, status) VALUES ('bbc64820-939b-4220-b678-1b429dbc985c', '1e52bc40-587f-4788-b2ed-3cee0d47180a', 4.0, 'Teilgenommen');
INSERT INTO attendance_records (session_id, student_id, attended_lessons, status) VALUES ('bbc64820-939b-4220-b678-1b429dbc985c', 'c187e386-80b1-48ac-8c01-7b56db2c527c', 4.0, 'Teilgenommen');
INSERT INTO attendance_records (session_id, student_id, attended_lessons, status) VALUES ('bbc64820-939b-4220-b678-1b429dbc985c', '310ce815-81cd-4d83-b871-5e077f427346', 4.0, 'Teilgenommen');
INSERT INTO attendance_records (session_id, student_id, attended_lessons, status) VALUES ('bbc64820-939b-4220-b678-1b429dbc985c', '032a8c24-3d1e-4713-949c-84a87709cb7e', 4.0, 'Teilgenommen');
INSERT INTO attendance_records (session_id, student_id, attended_lessons, status) VALUES ('bbc64820-939b-4220-b678-1b429dbc985c', '4c12124b-69b6-4822-bcaa-87b86d8b268c', 4.0, 'Teilgenommen');
INSERT INTO class_sessions (id, class_id, session_date, required_lessons) VALUES ('e5375cfd-f2a2-4980-a85c-e90a6a38b39c', 'abbdc0e2-8a03-4681-a346-40556dd210dc', '2026-05-07 08:00:00+02', 4.0);
INSERT INTO attendance_records (session_id, student_id, attended_lessons, status) VALUES ('e5375cfd-f2a2-4980-a85c-e90a6a38b39c', 'a349690e-77ee-47eb-8ce6-923cc4e858cd', 4.0, 'Teilgenommen');
INSERT INTO attendance_records (session_id, student_id, attended_lessons, status) VALUES ('e5375cfd-f2a2-4980-a85c-e90a6a38b39c', 'be173051-fa05-4349-a61c-2600f221c72f', 4.0, 'Teilgenommen');
INSERT INTO attendance_records (session_id, student_id, attended_lessons, status) VALUES ('e5375cfd-f2a2-4980-a85c-e90a6a38b39c', 'b10dd8f2-c524-4e72-8bb7-f5cac0a97c16', 4.0, 'Teilgenommen');
INSERT INTO attendance_records (session_id, student_id, attended_lessons, status) VALUES ('e5375cfd-f2a2-4980-a85c-e90a6a38b39c', '1ffa9063-c8cc-44eb-aff4-2b0e6b9e2e68', 4.0, 'Teilgenommen');
INSERT INTO attendance_records (session_id, student_id, attended_lessons, status) VALUES ('e5375cfd-f2a2-4980-a85c-e90a6a38b39c', '78be6cb0-bf17-476f-9bb0-fc31287146c3', 4.0, 'Teilgenommen');
INSERT INTO attendance_records (session_id, student_id, attended_lessons, status) VALUES ('e5375cfd-f2a2-4980-a85c-e90a6a38b39c', 'b4bbe393-d64b-4a23-a5a9-ff6132fca992', 4.0, 'Teilgenommen');
INSERT INTO attendance_records (session_id, student_id, attended_lessons, status) VALUES ('e5375cfd-f2a2-4980-a85c-e90a6a38b39c', '25389329-427a-49e9-b7ef-c9dc290b1e71', 4.0, 'Teilgenommen');
INSERT INTO attendance_records (session_id, student_id, attended_lessons, status) VALUES ('e5375cfd-f2a2-4980-a85c-e90a6a38b39c', '3844f16a-2750-4054-b310-5f96c60da84f', 4.0, 'Teilgenommen');
INSERT INTO attendance_records (session_id, student_id, attended_lessons, status) VALUES ('e5375cfd-f2a2-4980-a85c-e90a6a38b39c', 'd1ccc585-6cf7-4e52-83f3-1683f631786b', 4.0, 'Teilgenommen');
INSERT INTO attendance_records (session_id, student_id, attended_lessons, status) VALUES ('e5375cfd-f2a2-4980-a85c-e90a6a38b39c', 'e399d43a-f2f0-4569-bc29-c1c450adfc02', 4.0, 'Teilgenommen');
INSERT INTO attendance_records (session_id, student_id, attended_lessons, status) VALUES ('e5375cfd-f2a2-4980-a85c-e90a6a38b39c', '8dcec305-b245-457d-91b4-8c66c3efcb12', 4.0, 'Teilgenommen');
INSERT INTO attendance_records (session_id, student_id, attended_lessons, status) VALUES ('e5375cfd-f2a2-4980-a85c-e90a6a38b39c', '732ddb4f-c15f-42ed-a05e-b5136d78adcb', 4.0, 'Teilgenommen');
INSERT INTO attendance_records (session_id, student_id, attended_lessons, status) VALUES ('e5375cfd-f2a2-4980-a85c-e90a6a38b39c', 'd237fdb5-11f4-4c16-bc5d-11d359bac105', 4.0, 'Teilgenommen');
INSERT INTO attendance_records (session_id, student_id, attended_lessons, status) VALUES ('e5375cfd-f2a2-4980-a85c-e90a6a38b39c', 'fb11fb2d-d254-49de-b450-97afe7af33e7', 4.0, 'Teilgenommen');
INSERT INTO attendance_records (session_id, student_id, attended_lessons, status) VALUES ('e5375cfd-f2a2-4980-a85c-e90a6a38b39c', '9e4547b0-5b88-430b-b60b-19d580efd059', 4.0, 'Teilgenommen');
INSERT INTO attendance_records (session_id, student_id, attended_lessons, status) VALUES ('e5375cfd-f2a2-4980-a85c-e90a6a38b39c', '9e0bb25e-a6f4-4469-a732-caadc47c1b68', 4.0, 'Teilgenommen');
INSERT INTO attendance_records (session_id, student_id, attended_lessons, status) VALUES ('e5375cfd-f2a2-4980-a85c-e90a6a38b39c', '36e334ee-a466-4c65-9b34-de3da668faf2', 4.0, 'Teilgenommen');
INSERT INTO attendance_records (session_id, student_id, attended_lessons, status) VALUES ('e5375cfd-f2a2-4980-a85c-e90a6a38b39c', '3a4d3cdb-3f0a-4638-8407-32c9a58b062d', 4.0, 'Teilgenommen');
INSERT INTO attendance_records (session_id, student_id, attended_lessons, status) VALUES ('e5375cfd-f2a2-4980-a85c-e90a6a38b39c', '10522cbe-5e94-475a-bb0a-df270feca156', 4.0, 'Teilgenommen');
INSERT INTO attendance_records (session_id, student_id, attended_lessons, status) VALUES ('e5375cfd-f2a2-4980-a85c-e90a6a38b39c', 'e199b01b-1912-4eec-bf38-9e98670e1b05', 4.0, 'Teilgenommen');
INSERT INTO attendance_records (session_id, student_id, attended_lessons, status) VALUES ('e5375cfd-f2a2-4980-a85c-e90a6a38b39c', 'c6e75092-b218-4583-8523-658ec68e939d', 4.0, 'Teilgenommen');
INSERT INTO attendance_records (session_id, student_id, attended_lessons, status) VALUES ('e5375cfd-f2a2-4980-a85c-e90a6a38b39c', 'dcb37d2c-df75-492b-a78e-5806e07d19ac', 4.0, 'Teilgenommen');
INSERT INTO attendance_records (session_id, student_id, attended_lessons, status) VALUES ('e5375cfd-f2a2-4980-a85c-e90a6a38b39c', '37595fde-d8f5-4d68-b9c0-6c93f9c65844', 4.0, 'Teilgenommen');
INSERT INTO attendance_records (session_id, student_id, attended_lessons, status) VALUES ('e5375cfd-f2a2-4980-a85c-e90a6a38b39c', '409fcb5c-0736-4f19-9a3c-87971f4e60cc', 4.0, 'Teilgenommen');
INSERT INTO attendance_records (session_id, student_id, attended_lessons, status) VALUES ('e5375cfd-f2a2-4980-a85c-e90a6a38b39c', '9210b1dc-fa77-485c-b180-e40671b4f186', 4.0, 'Teilgenommen');
INSERT INTO attendance_records (session_id, student_id, attended_lessons, status) VALUES ('e5375cfd-f2a2-4980-a85c-e90a6a38b39c', '1e52bc40-587f-4788-b2ed-3cee0d47180a', 4.0, 'Teilgenommen');
INSERT INTO attendance_records (session_id, student_id, attended_lessons, status) VALUES ('e5375cfd-f2a2-4980-a85c-e90a6a38b39c', 'c187e386-80b1-48ac-8c01-7b56db2c527c', 4.0, 'Teilgenommen');
INSERT INTO attendance_records (session_id, student_id, attended_lessons, status) VALUES ('e5375cfd-f2a2-4980-a85c-e90a6a38b39c', '310ce815-81cd-4d83-b871-5e077f427346', 4.0, 'Teilgenommen');
INSERT INTO attendance_records (session_id, student_id, attended_lessons, status) VALUES ('e5375cfd-f2a2-4980-a85c-e90a6a38b39c', '032a8c24-3d1e-4713-949c-84a87709cb7e', 4.0, 'Teilgenommen');
INSERT INTO attendance_records (session_id, student_id, attended_lessons, status) VALUES ('e5375cfd-f2a2-4980-a85c-e90a6a38b39c', '4c12124b-69b6-4822-bcaa-87b86d8b268c', 4.0, 'Teilgenommen');
INSERT INTO class_sessions (id, class_id, session_date, required_lessons) VALUES ('a58d25bf-4a59-4486-914f-7005a2a80612', 'abbdc0e2-8a03-4681-a346-40556dd210dc', '2026-05-08 08:00:00+02', 4.0);
INSERT INTO attendance_records (session_id, student_id, attended_lessons, status) VALUES ('a58d25bf-4a59-4486-914f-7005a2a80612', 'a349690e-77ee-47eb-8ce6-923cc4e858cd', 4.0, 'Teilgenommen');
INSERT INTO attendance_records (session_id, student_id, attended_lessons, status) VALUES ('a58d25bf-4a59-4486-914f-7005a2a80612', 'be173051-fa05-4349-a61c-2600f221c72f', 4.0, 'Teilgenommen');
INSERT INTO attendance_records (session_id, student_id, attended_lessons, status) VALUES ('a58d25bf-4a59-4486-914f-7005a2a80612', 'b10dd8f2-c524-4e72-8bb7-f5cac0a97c16', 4.0, 'Teilgenommen');
INSERT INTO attendance_records (session_id, student_id, attended_lessons, status) VALUES ('a58d25bf-4a59-4486-914f-7005a2a80612', '1ffa9063-c8cc-44eb-aff4-2b0e6b9e2e68', 4.0, 'Teilgenommen');
INSERT INTO attendance_records (session_id, student_id, attended_lessons, status) VALUES ('a58d25bf-4a59-4486-914f-7005a2a80612', '78be6cb0-bf17-476f-9bb0-fc31287146c3', 4.0, 'Teilgenommen');
INSERT INTO attendance_records (session_id, student_id, attended_lessons, status) VALUES ('a58d25bf-4a59-4486-914f-7005a2a80612', 'b4bbe393-d64b-4a23-a5a9-ff6132fca992', 4.0, 'Teilgenommen');
INSERT INTO attendance_records (session_id, student_id, attended_lessons, status) VALUES ('a58d25bf-4a59-4486-914f-7005a2a80612', '25389329-427a-49e9-b7ef-c9dc290b1e71', 4.0, 'Teilgenommen');
INSERT INTO attendance_records (session_id, student_id, attended_lessons, status) VALUES ('a58d25bf-4a59-4486-914f-7005a2a80612', '3844f16a-2750-4054-b310-5f96c60da84f', 4.0, 'Teilgenommen');
INSERT INTO attendance_records (session_id, student_id, attended_lessons, status) VALUES ('a58d25bf-4a59-4486-914f-7005a2a80612', 'd1ccc585-6cf7-4e52-83f3-1683f631786b', 4.0, 'Teilgenommen');
INSERT INTO attendance_records (session_id, student_id, attended_lessons, status) VALUES ('a58d25bf-4a59-4486-914f-7005a2a80612', 'e399d43a-f2f0-4569-bc29-c1c450adfc02', 4.0, 'Teilgenommen');
INSERT INTO attendance_records (session_id, student_id, attended_lessons, status) VALUES ('a58d25bf-4a59-4486-914f-7005a2a80612', '8dcec305-b245-457d-91b4-8c66c3efcb12', 4.0, 'Teilgenommen');
INSERT INTO attendance_records (session_id, student_id, attended_lessons, status) VALUES ('a58d25bf-4a59-4486-914f-7005a2a80612', '732ddb4f-c15f-42ed-a05e-b5136d78adcb', 4.0, 'Teilgenommen');
INSERT INTO attendance_records (session_id, student_id, attended_lessons, status) VALUES ('a58d25bf-4a59-4486-914f-7005a2a80612', 'd237fdb5-11f4-4c16-bc5d-11d359bac105', 4.0, 'Teilgenommen');
INSERT INTO attendance_records (session_id, student_id, attended_lessons, status) VALUES ('a58d25bf-4a59-4486-914f-7005a2a80612', 'fb11fb2d-d254-49de-b450-97afe7af33e7', 4.0, 'Teilgenommen');
INSERT INTO attendance_records (session_id, student_id, attended_lessons, status) VALUES ('a58d25bf-4a59-4486-914f-7005a2a80612', '9e4547b0-5b88-430b-b60b-19d580efd059', 4.0, 'Teilgenommen');
INSERT INTO attendance_records (session_id, student_id, attended_lessons, status) VALUES ('a58d25bf-4a59-4486-914f-7005a2a80612', '9e0bb25e-a6f4-4469-a732-caadc47c1b68', 4.0, 'Teilgenommen');
INSERT INTO attendance_records (session_id, student_id, attended_lessons, status) VALUES ('a58d25bf-4a59-4486-914f-7005a2a80612', '36e334ee-a466-4c65-9b34-de3da668faf2', 4.0, 'Teilgenommen');
INSERT INTO attendance_records (session_id, student_id, attended_lessons, status) VALUES ('a58d25bf-4a59-4486-914f-7005a2a80612', '3a4d3cdb-3f0a-4638-8407-32c9a58b062d', 4.0, 'Teilgenommen');
INSERT INTO attendance_records (session_id, student_id, attended_lessons, status) VALUES ('a58d25bf-4a59-4486-914f-7005a2a80612', '10522cbe-5e94-475a-bb0a-df270feca156', 4.0, 'Teilgenommen');
INSERT INTO attendance_records (session_id, student_id, attended_lessons, status) VALUES ('a58d25bf-4a59-4486-914f-7005a2a80612', 'e199b01b-1912-4eec-bf38-9e98670e1b05', 4.0, 'Teilgenommen');
INSERT INTO attendance_records (session_id, student_id, attended_lessons, status) VALUES ('a58d25bf-4a59-4486-914f-7005a2a80612', 'c6e75092-b218-4583-8523-658ec68e939d', 4.0, 'Teilgenommen');
INSERT INTO attendance_records (session_id, student_id, attended_lessons, status) VALUES ('a58d25bf-4a59-4486-914f-7005a2a80612', 'dcb37d2c-df75-492b-a78e-5806e07d19ac', 4.0, 'Teilgenommen');
INSERT INTO attendance_records (session_id, student_id, attended_lessons, status) VALUES ('a58d25bf-4a59-4486-914f-7005a2a80612', '37595fde-d8f5-4d68-b9c0-6c93f9c65844', 4.0, 'Teilgenommen');
INSERT INTO attendance_records (session_id, student_id, attended_lessons, status) VALUES ('a58d25bf-4a59-4486-914f-7005a2a80612', '409fcb5c-0736-4f19-9a3c-87971f4e60cc', 4.0, 'Teilgenommen');
INSERT INTO attendance_records (session_id, student_id, attended_lessons, status) VALUES ('a58d25bf-4a59-4486-914f-7005a2a80612', '9210b1dc-fa77-485c-b180-e40671b4f186', 4.0, 'Teilgenommen');
INSERT INTO attendance_records (session_id, student_id, attended_lessons, status) VALUES ('a58d25bf-4a59-4486-914f-7005a2a80612', '1e52bc40-587f-4788-b2ed-3cee0d47180a', 4.0, 'Teilgenommen');
INSERT INTO attendance_records (session_id, student_id, attended_lessons, status) VALUES ('a58d25bf-4a59-4486-914f-7005a2a80612', 'c187e386-80b1-48ac-8c01-7b56db2c527c', 4.0, 'Teilgenommen');
INSERT INTO attendance_records (session_id, student_id, attended_lessons, status) VALUES ('a58d25bf-4a59-4486-914f-7005a2a80612', '310ce815-81cd-4d83-b871-5e077f427346', 4.0, 'Teilgenommen');
INSERT INTO attendance_records (session_id, student_id, attended_lessons, status) VALUES ('a58d25bf-4a59-4486-914f-7005a2a80612', '032a8c24-3d1e-4713-949c-84a87709cb7e', 4.0, 'Teilgenommen');
INSERT INTO attendance_records (session_id, student_id, attended_lessons, status) VALUES ('a58d25bf-4a59-4486-914f-7005a2a80612', '4c12124b-69b6-4822-bcaa-87b86d8b268c', 4.0, 'Teilgenommen');
INSERT INTO class_sessions (id, class_id, session_date, required_lessons) VALUES ('ba3ce705-8d9d-4999-8352-97e93613f994', 'abbdc0e2-8a03-4681-a346-40556dd210dc', '2026-05-09 08:00:00+02', 4.0);
INSERT INTO attendance_records (session_id, student_id, attended_lessons, status) VALUES ('ba3ce705-8d9d-4999-8352-97e93613f994', 'a349690e-77ee-47eb-8ce6-923cc4e858cd', 4.0, 'Teilgenommen');
INSERT INTO attendance_records (session_id, student_id, attended_lessons, status) VALUES ('ba3ce705-8d9d-4999-8352-97e93613f994', 'be173051-fa05-4349-a61c-2600f221c72f', 4.0, 'Teilgenommen');
INSERT INTO attendance_records (session_id, student_id, attended_lessons, status) VALUES ('ba3ce705-8d9d-4999-8352-97e93613f994', 'b10dd8f2-c524-4e72-8bb7-f5cac0a97c16', 4.0, 'Teilgenommen');
INSERT INTO attendance_records (session_id, student_id, attended_lessons, status) VALUES ('ba3ce705-8d9d-4999-8352-97e93613f994', '1ffa9063-c8cc-44eb-aff4-2b0e6b9e2e68', 4.0, 'Teilgenommen');
INSERT INTO attendance_records (session_id, student_id, attended_lessons, status) VALUES ('ba3ce705-8d9d-4999-8352-97e93613f994', '78be6cb0-bf17-476f-9bb0-fc31287146c3', 4.0, 'Teilgenommen');
INSERT INTO attendance_records (session_id, student_id, attended_lessons, status) VALUES ('ba3ce705-8d9d-4999-8352-97e93613f994', 'b4bbe393-d64b-4a23-a5a9-ff6132fca992', 4.0, 'Teilgenommen');
INSERT INTO attendance_records (session_id, student_id, attended_lessons, status) VALUES ('ba3ce705-8d9d-4999-8352-97e93613f994', '25389329-427a-49e9-b7ef-c9dc290b1e71', 4.0, 'Teilgenommen');
INSERT INTO attendance_records (session_id, student_id, attended_lessons, status) VALUES ('ba3ce705-8d9d-4999-8352-97e93613f994', '3844f16a-2750-4054-b310-5f96c60da84f', 4.0, 'Teilgenommen');
INSERT INTO attendance_records (session_id, student_id, attended_lessons, status) VALUES ('ba3ce705-8d9d-4999-8352-97e93613f994', 'd1ccc585-6cf7-4e52-83f3-1683f631786b', 4.0, 'Teilgenommen');
INSERT INTO attendance_records (session_id, student_id, attended_lessons, status) VALUES ('ba3ce705-8d9d-4999-8352-97e93613f994', 'e399d43a-f2f0-4569-bc29-c1c450adfc02', 4.0, 'Teilgenommen');
INSERT INTO attendance_records (session_id, student_id, attended_lessons, status) VALUES ('ba3ce705-8d9d-4999-8352-97e93613f994', '8dcec305-b245-457d-91b4-8c66c3efcb12', 4.0, 'Teilgenommen');
INSERT INTO attendance_records (session_id, student_id, attended_lessons, status) VALUES ('ba3ce705-8d9d-4999-8352-97e93613f994', '732ddb4f-c15f-42ed-a05e-b5136d78adcb', 4.0, 'Teilgenommen');
INSERT INTO attendance_records (session_id, student_id, attended_lessons, status) VALUES ('ba3ce705-8d9d-4999-8352-97e93613f994', 'd237fdb5-11f4-4c16-bc5d-11d359bac105', 4.0, 'Teilgenommen');
INSERT INTO attendance_records (session_id, student_id, attended_lessons, status) VALUES ('ba3ce705-8d9d-4999-8352-97e93613f994', 'fb11fb2d-d254-49de-b450-97afe7af33e7', 4.0, 'Teilgenommen');
INSERT INTO attendance_records (session_id, student_id, attended_lessons, status) VALUES ('ba3ce705-8d9d-4999-8352-97e93613f994', '9e4547b0-5b88-430b-b60b-19d580efd059', 4.0, 'Teilgenommen');
INSERT INTO attendance_records (session_id, student_id, attended_lessons, status) VALUES ('ba3ce705-8d9d-4999-8352-97e93613f994', '9e0bb25e-a6f4-4469-a732-caadc47c1b68', 4.0, 'Teilgenommen');
INSERT INTO attendance_records (session_id, student_id, attended_lessons, status) VALUES ('ba3ce705-8d9d-4999-8352-97e93613f994', '36e334ee-a466-4c65-9b34-de3da668faf2', 4.0, 'Teilgenommen');
INSERT INTO attendance_records (session_id, student_id, attended_lessons, status) VALUES ('ba3ce705-8d9d-4999-8352-97e93613f994', '3a4d3cdb-3f0a-4638-8407-32c9a58b062d', 4.0, 'Teilgenommen');
INSERT INTO attendance_records (session_id, student_id, attended_lessons, status) VALUES ('ba3ce705-8d9d-4999-8352-97e93613f994', '10522cbe-5e94-475a-bb0a-df270feca156', 4.0, 'Teilgenommen');
INSERT INTO attendance_records (session_id, student_id, attended_lessons, status) VALUES ('ba3ce705-8d9d-4999-8352-97e93613f994', 'e199b01b-1912-4eec-bf38-9e98670e1b05', 4.0, 'Teilgenommen');
INSERT INTO attendance_records (session_id, student_id, attended_lessons, status) VALUES ('ba3ce705-8d9d-4999-8352-97e93613f994', 'c6e75092-b218-4583-8523-658ec68e939d', 4.0, 'Teilgenommen');
INSERT INTO attendance_records (session_id, student_id, attended_lessons, status) VALUES ('ba3ce705-8d9d-4999-8352-97e93613f994', 'dcb37d2c-df75-492b-a78e-5806e07d19ac', 4.0, 'Teilgenommen');
INSERT INTO attendance_records (session_id, student_id, attended_lessons, status) VALUES ('ba3ce705-8d9d-4999-8352-97e93613f994', '37595fde-d8f5-4d68-b9c0-6c93f9c65844', 4.0, 'Teilgenommen');
INSERT INTO attendance_records (session_id, student_id, attended_lessons, status) VALUES ('ba3ce705-8d9d-4999-8352-97e93613f994', '409fcb5c-0736-4f19-9a3c-87971f4e60cc', 4.0, 'Teilgenommen');
INSERT INTO attendance_records (session_id, student_id, attended_lessons, status) VALUES ('ba3ce705-8d9d-4999-8352-97e93613f994', '9210b1dc-fa77-485c-b180-e40671b4f186', 4.0, 'Teilgenommen');
INSERT INTO attendance_records (session_id, student_id, attended_lessons, status) VALUES ('ba3ce705-8d9d-4999-8352-97e93613f994', '1e52bc40-587f-4788-b2ed-3cee0d47180a', 4.0, 'Teilgenommen');
INSERT INTO attendance_records (session_id, student_id, attended_lessons, status) VALUES ('ba3ce705-8d9d-4999-8352-97e93613f994', 'c187e386-80b1-48ac-8c01-7b56db2c527c', 4.0, 'Teilgenommen');
INSERT INTO attendance_records (session_id, student_id, attended_lessons, status) VALUES ('ba3ce705-8d9d-4999-8352-97e93613f994', '310ce815-81cd-4d83-b871-5e077f427346', 4.0, 'Teilgenommen');
INSERT INTO attendance_records (session_id, student_id, attended_lessons, status) VALUES ('ba3ce705-8d9d-4999-8352-97e93613f994', '032a8c24-3d1e-4713-949c-84a87709cb7e', 4.0, 'Teilgenommen');
INSERT INTO attendance_records (session_id, student_id, attended_lessons, status) VALUES ('ba3ce705-8d9d-4999-8352-97e93613f994', '4c12124b-69b6-4822-bcaa-87b86d8b268c', 4.0, 'Teilgenommen');
INSERT INTO class_sessions (id, class_id, session_date, required_lessons) VALUES ('159311a5-7bd2-400a-a191-1ec495d2cf38', 'abbdc0e2-8a03-4681-a346-40556dd210dc', '2026-05-10 08:00:00+02', 4.0);
INSERT INTO attendance_records (session_id, student_id, attended_lessons, status) VALUES ('159311a5-7bd2-400a-a191-1ec495d2cf38', 'a349690e-77ee-47eb-8ce6-923cc4e858cd', 4.0, 'Teilgenommen');
INSERT INTO attendance_records (session_id, student_id, attended_lessons, status) VALUES ('159311a5-7bd2-400a-a191-1ec495d2cf38', 'be173051-fa05-4349-a61c-2600f221c72f', 4.0, 'Teilgenommen');
INSERT INTO attendance_records (session_id, student_id, attended_lessons, status) VALUES ('159311a5-7bd2-400a-a191-1ec495d2cf38', 'b10dd8f2-c524-4e72-8bb7-f5cac0a97c16', 4.0, 'Teilgenommen');
INSERT INTO attendance_records (session_id, student_id, attended_lessons, status) VALUES ('159311a5-7bd2-400a-a191-1ec495d2cf38', '1ffa9063-c8cc-44eb-aff4-2b0e6b9e2e68', 4.0, 'Teilgenommen');
INSERT INTO attendance_records (session_id, student_id, attended_lessons, status) VALUES ('159311a5-7bd2-400a-a191-1ec495d2cf38', '78be6cb0-bf17-476f-9bb0-fc31287146c3', 4.0, 'Teilgenommen');
INSERT INTO attendance_records (session_id, student_id, attended_lessons, status) VALUES ('159311a5-7bd2-400a-a191-1ec495d2cf38', 'b4bbe393-d64b-4a23-a5a9-ff6132fca992', 4.0, 'Teilgenommen');
INSERT INTO attendance_records (session_id, student_id, attended_lessons, status) VALUES ('159311a5-7bd2-400a-a191-1ec495d2cf38', '25389329-427a-49e9-b7ef-c9dc290b1e71', 4.0, 'Teilgenommen');
INSERT INTO attendance_records (session_id, student_id, attended_lessons, status) VALUES ('159311a5-7bd2-400a-a191-1ec495d2cf38', '3844f16a-2750-4054-b310-5f96c60da84f', 4.0, 'Teilgenommen');
INSERT INTO attendance_records (session_id, student_id, attended_lessons, status) VALUES ('159311a5-7bd2-400a-a191-1ec495d2cf38', 'd1ccc585-6cf7-4e52-83f3-1683f631786b', 4.0, 'Teilgenommen');
INSERT INTO attendance_records (session_id, student_id, attended_lessons, status) VALUES ('159311a5-7bd2-400a-a191-1ec495d2cf38', 'e399d43a-f2f0-4569-bc29-c1c450adfc02', 4.0, 'Teilgenommen');
INSERT INTO attendance_records (session_id, student_id, attended_lessons, status) VALUES ('159311a5-7bd2-400a-a191-1ec495d2cf38', '8dcec305-b245-457d-91b4-8c66c3efcb12', 4.0, 'Teilgenommen');
INSERT INTO attendance_records (session_id, student_id, attended_lessons, status) VALUES ('159311a5-7bd2-400a-a191-1ec495d2cf38', '732ddb4f-c15f-42ed-a05e-b5136d78adcb', 4.0, 'Teilgenommen');
INSERT INTO attendance_records (session_id, student_id, attended_lessons, status) VALUES ('159311a5-7bd2-400a-a191-1ec495d2cf38', 'd237fdb5-11f4-4c16-bc5d-11d359bac105', 4.0, 'Teilgenommen');
INSERT INTO attendance_records (session_id, student_id, attended_lessons, status) VALUES ('159311a5-7bd2-400a-a191-1ec495d2cf38', 'fb11fb2d-d254-49de-b450-97afe7af33e7', 4.0, 'Teilgenommen');
INSERT INTO attendance_records (session_id, student_id, attended_lessons, status) VALUES ('159311a5-7bd2-400a-a191-1ec495d2cf38', '9e4547b0-5b88-430b-b60b-19d580efd059', 4.0, 'Teilgenommen');
INSERT INTO attendance_records (session_id, student_id, attended_lessons, status) VALUES ('159311a5-7bd2-400a-a191-1ec495d2cf38', '9e0bb25e-a6f4-4469-a732-caadc47c1b68', 4.0, 'Teilgenommen');
INSERT INTO attendance_records (session_id, student_id, attended_lessons, status) VALUES ('159311a5-7bd2-400a-a191-1ec495d2cf38', '36e334ee-a466-4c65-9b34-de3da668faf2', 4.0, 'Teilgenommen');
INSERT INTO attendance_records (session_id, student_id, attended_lessons, status) VALUES ('159311a5-7bd2-400a-a191-1ec495d2cf38', '3a4d3cdb-3f0a-4638-8407-32c9a58b062d', 4.0, 'Teilgenommen');
INSERT INTO attendance_records (session_id, student_id, attended_lessons, status) VALUES ('159311a5-7bd2-400a-a191-1ec495d2cf38', '10522cbe-5e94-475a-bb0a-df270feca156', 4.0, 'Teilgenommen');
INSERT INTO attendance_records (session_id, student_id, attended_lessons, status) VALUES ('159311a5-7bd2-400a-a191-1ec495d2cf38', 'e199b01b-1912-4eec-bf38-9e98670e1b05', 4.0, 'Teilgenommen');
INSERT INTO attendance_records (session_id, student_id, attended_lessons, status) VALUES ('159311a5-7bd2-400a-a191-1ec495d2cf38', 'c6e75092-b218-4583-8523-658ec68e939d', 4.0, 'Teilgenommen');
INSERT INTO attendance_records (session_id, student_id, attended_lessons, status) VALUES ('159311a5-7bd2-400a-a191-1ec495d2cf38', 'dcb37d2c-df75-492b-a78e-5806e07d19ac', 4.0, 'Teilgenommen');
INSERT INTO attendance_records (session_id, student_id, attended_lessons, status) VALUES ('159311a5-7bd2-400a-a191-1ec495d2cf38', '37595fde-d8f5-4d68-b9c0-6c93f9c65844', 4.0, 'Teilgenommen');
INSERT INTO attendance_records (session_id, student_id, attended_lessons, status) VALUES ('159311a5-7bd2-400a-a191-1ec495d2cf38', '409fcb5c-0736-4f19-9a3c-87971f4e60cc', 4.0, 'Teilgenommen');
INSERT INTO attendance_records (session_id, student_id, attended_lessons, status) VALUES ('159311a5-7bd2-400a-a191-1ec495d2cf38', '9210b1dc-fa77-485c-b180-e40671b4f186', 4.0, 'Teilgenommen');
INSERT INTO attendance_records (session_id, student_id, attended_lessons, status) VALUES ('159311a5-7bd2-400a-a191-1ec495d2cf38', '1e52bc40-587f-4788-b2ed-3cee0d47180a', 4.0, 'Teilgenommen');
INSERT INTO attendance_records (session_id, student_id, attended_lessons, status) VALUES ('159311a5-7bd2-400a-a191-1ec495d2cf38', 'c187e386-80b1-48ac-8c01-7b56db2c527c', 4.0, 'Teilgenommen');
INSERT INTO attendance_records (session_id, student_id, attended_lessons, status) VALUES ('159311a5-7bd2-400a-a191-1ec495d2cf38', '310ce815-81cd-4d83-b871-5e077f427346', 4.0, 'Teilgenommen');
INSERT INTO attendance_records (session_id, student_id, attended_lessons, status) VALUES ('159311a5-7bd2-400a-a191-1ec495d2cf38', '032a8c24-3d1e-4713-949c-84a87709cb7e', 4.0, 'Teilgenommen');
INSERT INTO attendance_records (session_id, student_id, attended_lessons, status) VALUES ('159311a5-7bd2-400a-a191-1ec495d2cf38', '4c12124b-69b6-4822-bcaa-87b86d8b268c', 4.0, 'Teilgenommen');
COMMIT;